"诊疗编码","诊疗名称","险种限制","机构限制","就医限制","专科限制","性别限制","年龄限制","疾病限制","人次限制","次数限制","数量限制","额度限制","疗程限制","领域标识"
"003401000230600","牵引(悬吊治疗)","","","","","","","",,1,,,20,"物理治疗"
"001216000010100","导尿(留置导尿)","","","","","","","",,1,,,,"一般诊疗"
"003104010440000","导管法咽鼓管吹张","","","","","","","",,1,,,,"耳鼻喉"
"004400000010100","灸法(艾条灸)","","","","","","","",,1,,,20,"中医治疗"
"002101030160000","口服法小肠造影","","","","","","","",,1,,,,"放射"
"002206000090000","负荷超声心动图","","","","","","","",,1,,,,"B超"
"004300000160100","电针(普通电针)","","","","","","","",,1,20,,20,"中医治疗"
"004300000010100","普通针刺(体针)","","","","","","","",,1,20,,20,"中医治疗"
"002105000010000","红外热象检查","","","","","","","",,1,,,,"放射"
"003104010010000","听性脑干反应","","","","","","","",,1,,,,"耳鼻喉"
"003401000120200","超短波短波治疗(大功率超短波和短波)","","","","","","","",,1,2,,20,"物理治疗"
"003105060030000","关节腔压力测定","","","","","","","",,1,,,,"口腔"
"003401000120100","超短波短波治疗(小功率超短波和短波)","","","","","","","",,1,2,,20,"物理治疗"
"003103000240000","正切尺检查","","","","","","","",,1,,,,"眼科"
"004300000010500","普通针刺(姜针)","","","","","","","",,1,20,,20,"中医治疗"
"331201000350000","等级护理","","","","","","","",,1,,,,"护理"
"002203020050000","腹部大血管彩色多普勒超声","","","","","","","",,1,,,,"B超"
"003103000050300","视野检查(普通视野计)","","","","","","","",,1,,,,"眼科"
"002206000100000","左心功能测定","","","","","","","",,1,,,,"B超"
"004500000010000","落枕推拿治疗","","","","","","","",,1,,,20,"中医治疗"
"002101030200000","静脉胆道造影","","","","","","","",,1,,,,"放射"
"002203020070000","双肾及肾血管彩色多普勒超声","","","","","","","",,1,,,,"B超"
"003110000310000","膀胱灌注","","","","","","","",,1,,,,"一般诊疗"
"003103000410000","角膜内皮镜检查","","","","","","","",,1,,,,"眼科"
"003103000420000","角膜厚度检查","","","","","","","",,1,,,,"眼科"
"004500000050000","急性腰扭伤推拿治疗","","","","","","","",,1,,,20,"中医治疗"
"003312030090000","输精管粘堵术","","","","","","","",,1,,,,"泌尿"
"333300000010000","辅助操作","","","","","","","",,1,,2500,,"一般诊疗"
"004100000120000","割治","","","","","","","",,1,,,20,"中医治疗"
"004400000010400","灸法(天灸)","","","","","","","",,1,,,20,"中医治疗"
"004300000020000","温针","","","","","","","",,1,20,,20,"中医治疗"
"003108000030000","混合淋巴细胞培养","","","","","","","",,1,,,,"一般诊疗"
"003103000460000","前房深度测量","","","","","","","",,1,,,,"眼科"
"003104010310000","鼓膜贴补试验","","","","","","","",,1,,,,"耳鼻喉"
"003103000010000","普通视力检查","","","","","","","",,1,,,,"眼科"
"003401000230700","牵引(脊柱矫正治疗)","","","","","","","",,1,,,20,"物理治疗"
"004300000160200","电针(电热针灸)","","","","","","","",,1,20,,20,"中医治疗"
"003103000070000","验光","","","","","","","",,1,,,,"眼科"
"002302000060000","甲状腺静态显象","","","","","","","",,1,,,,"放射"
"002103000030000","脑池X线计算机体层(CT)含气造影","","","","","","","",,1,,,,"放射"
"003104010400000","鼓膜穿刺术","","","","","","","",,1,,,,"耳鼻喉"
"002202010010000","单脏器B超检查","","","","","","","",,1,,,,"B超"
"001208000020000","肠内高营养治疗","","","","","","","",,1,,,,"护理"
"002202020020000","经直肠B超检查","","","","","","","",,1,,,,"B超"
"001201000000100","护理费(波动式气垫床预防褥疮)","","","","","","","",,1,,,,"护理"
"003401000250000","冷疗","","","","","","","",,1,2,,20,"物理治疗"
"003103000040000","视网膜视力检查","","","","","","","",,1,,,,"眼科"
"002203020110000","腔内彩色多普勒超声检查","","","","","","","",,1,,,,"B超"
"003107020160000","心脏电复律术","","","","","","","",,1,,,,"一般诊疗"
"001215000020000","清洁灌肠","","","","","","","",,1,,,,"一般诊疗"
"00330610001","扁桃体切除","","","","","","","",,1,,,,"耳鼻喉"
"003107020150000","经食管心脏调搏术","","","","","","","",,1,,,,"一般诊疗"
"002203020080000","左肾静脉“胡桃夹”综合征检查","","","","","","","",,1,,,,"B超"
"003104010260100","耳鸣检查(他觉耳鸣检查)","","","","","","","",,1,,,,"耳鼻喉"
"003107020170000","心脏电除颤术","","","","","","","",,1,,,,"一般诊疗"
"333106020080000","呼气末二氧化碳分压测定","","","","","","","",,2,,,,"一般诊疗"
"004300000010300","普通针刺(磁针)","","","","","","","",,1,20,,20,"中医治疗"
"003103000440000","巩膜透照检查","","","","","","","",,1,,,,"眼科"
"00330100015","麻醉中监测","","","","","","","",,1,,,,"麻醉"
"003103001060000","泪道探通术","","","","","","","",,1,,,,"眼科"
"003104010460000","鼓膜贴补治疗","","","","","","","",,1,,,,"耳鼻喉"
"003103000400000","角膜地形图检查","","","","","","","",,1,,,,"眼科"
"003112010010000","荧光检查","","","","","","","",,1,,,,"一般诊疗"
"001201000100000","气管切开护理","","","","","","","",,1,,,,"护理"
"002202030020000","小肠充盈及排空功能检查","","","","","","","",,1,,,,"B超"
"003104010100000","声导抗测听","","","","","","","",,1,,,,"耳鼻喉"
"002203010020000","浅表器官彩色多普勒超声检查","","","","","","","",,1,2,,,"B超"
"001209000010000","胃肠减压","","","","","","","",,1,,,,"护理"
"001102000040000","门急诊留观诊查费","","","","","","","",,1,,,,"一般诊疗"
"004300000160300","电针(电冷针灸)","","","","","","","",,1,20,,20,"中医治疗"
"003312030110000","输精管吻合术","","","","","","","",,1,,,,"泌尿"
"003315230050000","颅骨头环牵引术","","","","","","","",,1,,,,"骨科"
"003401000120400","超短波短波治疗(体腔治疗)","","","","","","","",,1,2,,20,"物理治疗"
"003103000210000","对比敏感度检查","","","","","","","",,1,,,,"眼科"
"002101030220000","经皮经肝胆道造影(PTC)","","","","","","","",,1,,,,"放射"
"001214000010001","引流管冲洗(更换引流装置)","","","","","","","",,2,,,,"一般诊疗"
"00310402012","鼻腔冲洗","","","","","","","",,1,,,,"耳鼻喉"
"002101030130000","上消化道造影","","","","","","","",,1,,,,"放射"
"003104010490000","耳部特殊治疗","","","","","","","",,1,,,,"耳鼻喉"
"004500000020000","颈椎病推拿治疗","","","","","","","",,1,,,20,"中医治疗"
"002101030190000","口服法胆道造影","","","","","","","",,1,,,,"放射"
"003104010410000","耵聍冲洗","","","","","","","",,1,,,,"耳鼻喉"
"003114000100000","斑贴试验","","","","","","","",,1,,,,"一般诊疗"
"003107010230000","心输出量测定","","","","","","","",,1,,,,"监测"
"001201000100100","气管切开护理(气管插管护理)","","","","","","","",,1,,,,"护理"
"001104000010000","院前急救费","","","","","","","",,1,,,,"一般诊疗"
"001204000060100","静脉输液(输血)","","","","","","","",,1,,,,"护理"
"002203010010000","彩色多普勒超声常规检查","","","","","","","",,1,2,,,"B超"
"002101030110000","下咽造影","","","","","","","",,1,,,,"放射"
"003104010380000","西格氏耳镜检查","","","","","","","",,1,,,,"耳鼻喉"
"001208000010003","鼻饲管置管(十二指肠灌注)","","","","","","","",,1,,,,"护理"
"001201000110000","吸痰护理","","","","","","","",,1,,,,"护理"
"004400000020300","隔物灸法(隔盐灸)","","","","","","","",,1,,,20,"中医治疗"
"002103000010000","X线计算机体层(CT)平扫","","","","","","","",,1,,,,"放射"
"002102000090000","临床操作的磁共振引导","","","","","","","",,1,,,,"放射"
"003103000330000","上睑下垂检查","","","","","","","",,1,,,,"眼科"
"003107020190000","体外反搏治疗","","","","","","","",,1,,,,"一般诊疗"
"003103000300000","眼球突出度测量","","","","","","","",,1,,,,"眼科"
"331200000000000","ICU单元治疗","","","","","","","",,1,,,,"ICU"
"00330602013","鼻内镜鼻窦","","","","","","","",,1,,,,"耳鼻喉"
"002101030140000","胃肠排空试验","","","","","","","",,1,,,,"放射"
"003103000470000","房水荧光测定","","","","","","","",,1,,,,"眼科"
"003104010120000","镫骨肌反射衰减试验","","","","","","","",,1,,,,"耳鼻喉"
"003103000060000","阿姆斯勒(Amsler)表检查","","","","","","","",,1,,,,"眼科"
"003104010480000","耳廓假性囊肿穿刺压迫治疗","","","","","","","",,1,,,,"耳鼻喉"
"003103000350000","泪液分泌功能测定","","","","","","","",,1,,,,"眼科"
"001201000130000","动静脉置管护理","","","","","","","",,1,,,,"护理"
"002101030010000","气脑造影","","","","","","","",,1,,,,"放射"
"003105010040000","咀嚼功能检查","","","","","","","",,1,,,,"口腔"
"002101030270000","膀胱造影","","","","","","","",,1,,,,"放射"
"003103000340000","泪膜破裂时间测定","","","","","","","",,1,,,,"眼科"
"333106040100000","俯卧位通气治疗","","","","","","","",,2,,,,"一般诊疗"
"003104010230000","中耳共振频率测定","","","","","","","",,1,,,,"耳鼻喉"
"003401000170200","超声波治疗(超声药物透入)","","","","","","","",,1,,,20,"物理治疗"
"002206000080000","右心声学造影","","","","","","","",,1,,,,"B超"
"004100000110000","挑治","","","","","","","",,1,,,20,"中医治疗"
"004500000080800","内科妇科疾病推拿治疗(痛经)","","","","","","","",,1,,,20,"中医治疗"
"004500000080100","内科妇科疾病推拿治疗(II型糖尿病)","","","","","","","",,1,,,20,"中医治疗"
"003401000010000","红外线治疗","","","","","","","",,1,2,,20,"物理治疗"
"002101030020000","脑室碘水造影","","","","","","","",,1,,,,"放射"
"00331501029","胸椎融合术","","","","","","","",,1,,,,"骨科"
"003101000270000","神经阻滞治疗","","","","","","","",,1,,,,"麻醉"
"003103000170000","调节/集合测定","","","","","","","",,1,,,,"眼科"
"003112010010100","荧光检查(会阴)","","","","","","","",,1,,,,"一般诊疗"
"003105010020000","咬合检查","","","","","","","",,1,,,,"口腔"
"004500000080700","内科妇科疾病推拿治疗(月经不调)","","","","","","","",,1,,,20,"中医治疗"
"003316020040000","浅表肿物切除术","","","","","","","",,1,10,,,"普外"
"003104010220000","平衡试验","","","","","","","",,1,,,,"耳鼻喉"
"003104010360000","电耳镜检查","","","","","","","",,1,,,,"耳鼻喉"
"004500000060000","腰椎间盘突出推拿治疗","","","","","","","",,1,,,20,"中医治疗"
"002504050050000","专项变应原(单价变应原)筛查","","","","","","","",,1,,,,"化验"
"002101030150000","小肠插管造影","","","","","","","",,1,,,,"放射"
"003105100040000","口腔局部冲洗上药","","","","","","","",,1,,,,"口腔"
"331200000000001","CCU单元治疗","","","","","","","",,1,,,,"ICU"
"001109000050100","急诊观察床位费(半日)","","","","","","","",,1,,,,"ICU"
"004400000010200","灸法(艾柱灸)","","","","","","","",,1,,,20,"中医治疗"
"002101030230000","T管造影","","","","","","","",,1,,,,"放射"
"00331501036","椎管扩大减压术","","","","","","","",,1,,,,"骨科"
"001208000010001","鼻饲管置管(注食)","","","","","","","",,1,,,,"护理"
"004500000040000","网球肘推拿治疗","","","","","","","",,1,,,20,"中医治疗"
"002101030120000","食管造影","","","","","","","",,1,,,,"放射"
"001204000060000","静脉输液","","","","","","","",,1,,,,"护理"
"003401000170100","超声波治疗(单纯超声)","","","","","","","",,1,,,20,"物理治疗"
"002103000050000","临床操作的CT引导","","","","","","","",,1,,,,"放射"
"003107010280000","血氧饱和度监测","","","","","","","",,1,24,,,"监测"
"003103000380000","角膜荧光素染色检查","","","","","","","",,1,,,,"眼科"
"001208000010002","鼻饲管置管(注药)","","","","","","","",,1,,,,"护理"
"004300000230000","穴位贴敷治疗","","","","","","","",,1,3,,20,"中医治疗"
"002101030040000","椎间盘造影","","","","","","","",,1,,,,"放射"
"003104010390000","上鼓室冲洗术","","","","","","","",,1,,,,"耳鼻喉"
"003101000320000","肉毒素注射治疗","","","","","","","",,1,,,,"一般诊疗"
"003107020140000","经食管心脏起搏术","","","","","","","",,1,,,,"一般诊疗"
"002206000040000","心脏彩色多普勒超声","","","","","","","",,1,,,,"B超"
"001109000030000","监护病房床位费","","","","","","","",,1,,,,"ICU"
"003103000160000","黑氏(Hess)屏检查","","","","","","","",,1,,,,"眼科"
"003401000010300","红外线治疗(红外线真空拔罐治疗红外线光浴治疗)","","","","","","","",,1,2,,20,"物理治疗"
"002202030010000","胃充盈及排空功能检查","","","","","","","",,1,,,,"B超"
"003104010450000","耳药物烧灼","","","","","","","",,1,,,,"耳鼻喉"
"002204000010000","颅内多普勒血流图(TCD)","","","","","","","",,1,,,,"B超"
"002203020040000","门静脉系彩色多普勒超声","","","","","","","",,1,,,,"B超"
"003107020180000","体外自动心脏变律除颤术","","","","","","","",,1,,,,"一般诊疗"
"003113000040000","持续关节腔冲洗","","","","","","","",,1,,,,"一般诊疗"
"003103000200000","色觉检查","","","","","","","",,1,,,,"眼科"
"002302000550000","骨密度测定","","","","","","","",,1,,,,"放射"
"003104010430000","波氏法咽鼓管吹张","","","","","","","",,1,,,,"耳鼻喉"
"001203000010000","氧气吸入","","","","","","","",,1,24,,,"护理"
"004400000020200","隔物灸法(药饼灸)","","","","","","","",,1,,,20,"中医治疗"
"003315230020000","皮肤牵引术","","","","","","","",,1,,,,"骨科"
"002208000080000","超声计算机图文报告","","","","","","","",,1,,,,"B超"
"003105010100000","常规面_像检查","","","","","","","",,1,,,,"口腔"
"003107010260000","周围静脉压测定","","","","","","","",,1,,,,"监测"
"003106030030000","体外膈肌起搏治疗","","","","","","","",,1,,,,"一般诊疗"
"003103000150000","线状镜检查","","","","","","","",,1,,,,"眼科"
"001217000010000","肛管排气","","","","","","","",,1,,,,"一般诊疗"
"004500000070000","膝关节骨性关节炎推拿治疗","","","","","","","",,1,,,20,"中医治疗"
"003103000290000","眼压描记","","","","","","","",,1,,,,"眼科"
"003301000100000","硬膜外连续镇痛","","","","","","","",,1,,,,"麻醉"
"001202000010000","大抢救","","","","","","","",,1,,,,"护理"
"002203020010000","颅内段血管彩色多普勒超声","","","","","","","",,1,,,,"B超"
"003401000010200","红外线治疗(近红外线气功治疗)","","","","","","","",,1,,,20,"物理治疗"
"004400000010300","灸法(艾箱灸)","","","","","","","",,1,,,20,"中医治疗"
"003107020180100","体外自动心脏变律除颤术(半自动)","","","","","","","",,1,,,,"一般诊疗"
"004300000010200","普通针刺(快速针)","","","","","","","",,1,20,,20,"中医治疗"
"002102000010000","磁共振平扫","","","","","","","",,1,,,,"放射"
"003104010110000","镫骨活动度检测(盖来试验)","","","","","","","",,1,,,,"耳鼻喉"
"002206000010000","普通心脏M型超声检查","","","","","","","",,1,,,,"B超"
"002202030030000","胆囊和胆道收缩功能检查","","","","","","","",,1,,,,"B超"
"003104010020000","纯音听阈测定","","","","","","","",,1,,,,"耳鼻喉"
"003301000090000","侧脑室连续镇痛","","","","","","","",,1,,,,"麻醉"
"001109000050000","急诊观察床位费","","","","","","","",,1,,,,"ICU"
"001108000010000","病房空调降温费","","","","","","","",,1,,,,"一般诊疗"
"002101030170000","钡灌肠大肠造影","","","","","","","",,1,,,,"放射"
"002206000050000","常规经食管超声心动图","","","","","","","",,1,,,,"B超"
"002103000020000","X线计算机体层(CT)增强扫描","","","","","","","",,1,,,,"放射"
"003103000140000","三棱镜检查","","","","","","","",,1,,,,"眼科"
"003104010150000","耳声发射检查","","","","","","","",,1,,,,"耳鼻喉"
"002203020020000","球后全部血管彩色多普勒超声","","","","","","","",,1,,,,"B超"
"003103000250000","注视性质检查","","","","","","","",,1,,,,"眼科"
"002202010070000","浅表组织器官B超检查","","","","","","","",,1,,,,"B超"
"003315230030000","骨骼牵引术","","","","","","","",,1,,,,"骨科"
"003312030100000","输精管角性结节切除术","","","","","","","",,1,,,,"泌尿"
"002101030180000","腹膜后充气造影","","","","","","","",,1,,,,"放射"
"004500000080200","内科妇科疾病推拿治疗(慢性胃病)","","","","","","","",,1,,,20,"中医治疗"
"002201000020000","临床操作的A超引导","","","","","","","",,1,,,,"B超"
"003105100070000","口腔局部止血","","","","","","","",,1,,,,"口腔"
"002101020170000","非血管介入临床操作数字减影(DSA)引导","","","","","","","",,1,,,,"放射"
"003401000210000","蜡疗","","","","","","","",,1,2,,20,"物理治疗"
"003312030080000","输精管结扎术","","","","","","","",,1,,,,"泌尿"
"003104010260000","耳鸣检查","","","","","","","",,1,,,,"耳鼻喉"
"003315230040000","颅骨牵引术","","","","","","","",,1,,,,"骨科"
"002101030250000","逆行泌尿系造影","","","","","","","",,1,,,,"放射"
"003103000360000","泪道冲洗","","","","","","","",,1,,,,"眼科"
"002101030030000","脊髓(椎管)造影","","","","","","","",,1,,,,"放射"
"002101030240000","静脉泌尿系造影","","","","","","","",,1,,,,"放射"
"003103000180000","牵拉试验","","","","","","","",,1,,,,"眼科"
"004400000020100","隔物灸法(隔姜灸)","","","","","","","",,1,,,20,"中医治疗"
"003103000270000","眼压检查","","","","","","","",,1,,,,"眼科"
"001204000080000","静脉高营养治疗","","","","","","","",,1,,,,"护理"
"002203020110200","腔内彩色多普勒超声检查(经直肠)","","","","","","","",,1,,,,"B超"
"004300000010600","普通针刺(药针)","","","","","","","",,1,20,,20,"中医治疗"
"003107020130000","体外经胸型心脏临时起搏术","","","","","","","",,1,,,,"一般诊疗"
"002101030210000","经内镜逆行胰胆管造影(ERCP)","","","","","","","",,1,,,,"放射"
"001210000010000","洗胃","","","","","","","",,1,,,,"一般诊疗"
"002206000020000","普通二维超声心动图","","","","","","","",,1,,,,"B超"
"003103000390000","角膜曲率测量","","","","","","","",,1,,,,"眼科"
"004300000010400","普通针刺(金针)","","","","","","","",,1,20,,20,"中医治疗"
"002203020030000","颈部血管彩色多普勒超声","","","","","","","",,4,,,,"B超"
"002202030050000","膀胱残余尿量测定","","","","","","","",,1,,,,"B超"
"002202020030000","临床操作的腔内B超引导","","","","","","","",,1,,,,"B超"
"003104010410100","耵聍冲洗(耳道冲洗)","","","","","","","",,1,,,,"耳鼻喉"
"003107010240000","肺动脉压和右心房压力监测","","","","","","","",,1,,,,"监测"
"003401000120300","超短波短波治疗(脉冲超短波和短波)","","","","","","","",,1,2,,20,"物理治疗"
"00331501037","椎管扩大成形术","","","","","","","",,1,,,,"骨科"
"002105000010100","红外热象检查(远红外热断层检查)","","","","","","","",,1,,,,"放射"
"002201000010000","A型超声检查","","","","","","","",,1,,,,"B超"
"004500000080500","内科妇科疾病推拿治疗(胃下垂)","","","","","","","",,1,,,20,"中医治疗"
"003312030070000","输精管插管术","","","","","","","",,1,,,,"泌尿"
"003103000370000","青光眼诱导试验","","","","","","","",,1,,,,"眼科"
"00210101004","C型臂术中透视","","","","","","","",,3,,,,"放射"
"003104010140000","耳蜗电图","","","","","","","",,1,,,,"耳鼻喉"
"002202010090000","临床操作的B超引导","","","","","","","",,1,,,,"B超"
"003315010200000","颈椎间盘切除椎间植骨融合术","","","","","","","",,,3,,,"骨科"
"003316040190100","足底缺损修复术(足跟缺损)","","","","","","","",,,2,,,"骨科"
"003307020110000","肺修补术","","","","","","","",,,1,,,"心胸"
"00220302006","四肢血管彩色多普勒超声","","","","","","","",,,4,,,"B超"
"003316010060000","乳腺癌扩大根治术","","","","","","","",,,1,,,"普外"
"002201000030000","眼部A超","","","","","","","",,,1,,,"B超"
"003401000040700","紫外线治疗(导子紫外线)","","","","","","","",,,2,,20,"物理治疗"
"003101000070100","神经传导速度测定(重复神经电刺激)","","","","","","","",,,2,,,"脑电"
"003316030060000","深度烧伤截肢术","","","","","","","",,,4,,,"普外"
"003106030020200","无创辅助通气(双水平气道正压(BIPAP))","","","","","","","",,,24,,,"ICU"
"003401000040900","紫外线治疗(光化学疗法)","","","","","","","",,,2,,20,"物理治疗"
"002101030070000","颞下颌关节造影","","","","","","","",,,1,,,"放射"
"003315190140000","带蒂复合组织瓣成形术","","","","","","","",,,2,,,"骨科"
"002101010010300","普通透视(盆腔)","","","","","","","",,,2,,,"放射"
"003316030010000","烧伤焦痂切开减张术","","","","","","","",,,2,,,"普外"
"003315130030000","残端修整术","","","","","","","",,,5,,,"骨科"
"003114000210000","甲癣封包治疗","","","","","","","",,,5,,,"一般诊疗"
"003306080160000","颧骨陈旧性骨折植骨矫治术","","","","","","","",,,1,,,"骨科"
"002403000090000","不规则野大面积照射","","","","","","","",,,2,33000,,"放射"
"002101030350000","四肢血管造影","","","","","","","",,,4,,,"放射"
"003304020100000","泪小管填塞术","","","","","","","",,,1,,,"眼科"
"003316030080000","经烧伤创面静脉切开术","","","","","","","",,,10,,,"普外"
"003306070150000","颞下颌关节盘手术","","","","","","","",,,1,,,"耳鼻喉"
"003315220030000","骨化性肌炎局部切除术","","","","","","","",,,2,,,"骨科"
"003315190120000","指关节成形术","","","","","","","",,,5,,,"骨科"
"003401000040600","紫外线治疗(水冷式)","","","","","","","",,,2,,20,"物理治疗"
"003304070140000","硅油取出术","","","","","","","",,,1,,,"眼科"
"003311010150000","多囊肾去顶减压术","","","","","","","",,,1,,,"泌尿"
"003204000010200","经皮瓣膜球囊成形术(三尖瓣)","","","","","","","",,,3,,,"介入治疗"
"003101000240000","单纤维肌电图","","","","","","","",,,2,,,"肌电"
"003107020060000","临时起搏器应用","","","","","","","",,,24,,,"监测"
"003309000080000","髂腹股沟淋巴结清扫术","","","","","","","",,,1,,,"普外"
"003308040630200","小动脉吻合术(趾动脉吻合)","","","","","","","",,,5,,,"普外"
"003311020130000","输尿管皮肤造口术","","","","","","","",,,1,,,"泌尿"
"003315010360000","椎管扩大减压术","","","","","","","",,,3,,,"骨科"
"003306010090000","中鼻甲部分切除术","","","","","","","",,,1,,,"耳鼻喉"
"003302030100100","颈动脉外膜剥脱术(颈总动脉剥脱术)","","","","","","","",,,1,,,"普外"
"003315140010000","断肢再植术","","","","","","","",,,4,,,"骨科"
"002101030100000","唾液腺造影","","","","","","","",,,1,,,"放射"
"003315210390000","虎口成形术","","","","","","","",,,1,,,"骨科"
"003312020140000","经腹腔镜隐睾探查术","","","","","","","",,,1,,,"泌尿"
"003304060210000","人工晶体悬吊术","","","","","","","",,,1,,,"眼科"
"003401000040500","紫外线治疗(高压紫外线)","","","","","","","",,,2,,20,"物理治疗"
"003315200030000","手部外伤皮肤缺损游离植皮术","","","","","","","",,,5,,,"骨科"
"002403000030000","60钴外照射(特殊照射)","","","","","","","",,,2,,,"放射"
"003315120150000","_外翻矫形术","","","","","","","",,,1,,,"骨科"
"003316030110000","取皮术","","","","","","","",,,10,,,"普外"
"003107020020000","持续有创性血压监测","","","","","","","",,,24,,,"监测"
"003302030100200","颈动脉外膜剥脱术(颈内动脉剥脱术)","","","","","","","",,,1,,,"普外"
"003315190120100","指关节成形术(趾关节)","","","","","","","",,,5,,,"骨科"
"003105040030300","面神经肌电图检查(上唇)","","","","","","","",,,2,,,"肌电"
"004300000220200","穴位注射(自血疗法)","","","","","","","",,,20,,20,"中医治疗"
"003312030020000","输精管附睾吻合术","","","","","","","",,,1,,,"泌尿"
"004400000050000","药物罐","","","","","","","",,,3,,20,"中医治疗"
"003316030130000","网状自体皮制备","","","","","","","",,,10,,,"普外"
"003107010220000","心电监测","","","","","","","",,,24,,,"监测"
"003401000050000","激光疗法","","","","","","","",,,2,,20,"物理治疗"
"003306080150000","颧骨陈旧性骨折截骨整复术","","","","","","","",,,1,,,"骨科"
"003312020070000","交通性鞘膜积液修补术","","","","","","","",,,1,,,"泌尿"
"001211000020000","特殊物理降温","","","","","","","",,,24,,,"一般诊疗"
"003105160010200","颞颌关节腔内封闭治疗(药物注射)","","","","","","","",,,1,,,"骨科"
"003306080130000","颧骨上颌骨复合骨折切开复位内固定术","","","","","","","",,,1,,,"骨科"
"003110000150000","肾穿刺术","","","","","","","",,,1,,,"泌尿"
"003302030100300","颈动脉外膜剥脱术(迷走神经剥离术)","","","","","","","",,,1,,,"普外"
"002505010050000","麻风菌镜检","","","","","","","",,,2,,,"化验"
"003204000010300","经皮瓣膜球囊成形术(主动脉瓣)","","","","","","","",,,3,,,"介入治疗"
"003316010050000","乳腺癌根治术","","","","","","","",,,1,,,"普外"
"003306010110000","鼻前庭囊肿切除术","","","","","","","",,,1,,,"耳鼻喉"
"002101010010200","普通透视(腹)","","","","","","","",,,2,,,"放射"
"002101020090000","咬合片","","","","","","","",,,4,,,"放射"
"003316030060100","深度烧伤截肢术(冻伤截肢术)","","","","","","","",,,4,,,"普外"
"001201000020000","特级护理","","","","","","","",,,24,,,"护理"
"003316030160000","异体皮制备","","","","","","","",,,10,,,"普外"
"003308040630100","小动脉吻合术(指动脉吻合)","","","","","","","",,,5,,,"普外"
"003315060220000","_窝囊肿切除术","","","","","","","",,,1,,,"骨科"
"003204000010100","经皮瓣膜球囊成形术(二尖瓣)","","","","","","","",,,3,,,"介入治疗"
"002105000020000","红外线乳腺检查","","","","","","","",,,1,,,"放射"
"003303000220000","肾上腺嗜铬细胞瘤切除术","","","","","","","",,,1,,,"泌尿"
"003105160040300","关节镜手术治疗(骨关节病刨削术)","","","","","","","",,,1,,,"骨科"
"003110000150200","肾穿刺术(囊肿硬化治疗)","","","","","","","",,,1,,,"泌尿"
"002403000050000","直线加速器放疗(特殊照射)","","","","","","","",,,2,,,"放射"
"003306010120000","鼻息肉摘除术","","","","","","","",,,1,,,"耳鼻喉"
"003315010220000","颈椎钩椎关节切除术","","","","","","","",,,3,,,"骨科"
"003316030340000","烧伤截指术","","","","","","","",,,5,,,"骨科"
"003204000010500","经皮瓣膜球囊成形术(房间隔穿刺术)","","","","","","","",,,3,,,"介入治疗"
"003308040610000","大隐静脉耻骨上转流术","","","","","","","",,,1,,,"普外"
"003307020090000","肺大泡切除修补术","","","","","","","",,,1,,,"心胸"
"002204000020000","四肢多普勒血流图","","","","","","","",,,4,,,"B超"
"002203020060000","四肢血管彩色多普勒超声","","","","","","","",,,4,,,"B超"
"003316030190000","磨痂自体皮移植术","","","","","","","",,,10,,,"普外"
"002101030050000","泪道造影","","","","","","","",,,1,,,"放射"
"003312020110000","睾丸切除术","","","","","","","",,,1,,,"泌尿"
"003303000090000","甲状腺次全切除术","","","","","","","",,,1,,,"普外"
"002101010010000","普通透视","","","","","","","",,,2,,,"放射"
"003401000040200","紫外线治疗(中波紫外线)","","","","","","","",,,2,,20,"物理治疗"
"003315010360100","椎管扩大减压术(多节段椎管狭窄减压)","","","","","","","",,,3,,,"骨科"
"003309000050000","腹股沟淋巴结清扫术","","","","","","","",,,1,,,"普外"
"003204000010400","经皮瓣膜球囊成形术(肺动脉瓣球囊成形术)","","","","","","","",,,3,,,"介入治疗"
"003310080020000","嵌顿疝复位修补术","","","","","","","",,,1,,,"普外"
"003106010030000","运动心肺功能检查","","","","","","","",,,1,,,"一般诊疗"
"003316030420000","深度烧伤死骨摘除术","","","","","","","",,,2,,,"骨科"
"003304040030000","角膜缝环固定术","","","","","","","",,,1,,,"眼科"
"003316030280000","带毛囊游离皮肤移植术","","","","","","","",,,10,,,"普外"
"003401000040100","紫外线治疗(长波紫外线)","","","","","","","",,,2,,20,"物理治疗"
"003306080070000","髁状突陈旧性骨折整复术","","","","","","","",,,1,,,"骨科"
"003316040190000","足底缺损修复术","","","","","","","",,,2,,,"骨科"
"003315010280000","颈椎骨折脱位手术复位植骨融合内固定术","","","","","","","",,,3,,,"骨科"
"003302030100400","颈动脉外膜剥脱术(颈外动脉外膜剥脱术)","","","","","","","",,,1,,,"普外"
"003310080030000","充填式无张力疝修补术","","","","","","","",,,1,,,"普外"
"003308040620000","大隐静脉高位结扎＋剥脱术","","","","","","","",,,1,,,"普外"
"003315190110000","手部瘢痕挛缩整形术","","","","","","","",,,2,,,"骨科"
"002101020160000","计算机X线摄影(ComputedRadiography，CR)","","","","","","","",,,4,,,"放射"
"003307020150000","肺包虫病内囊摘除术","","","","","","","",,,1,,,"心胸"
"003316030200000","焦痂开窗植皮术","","","","","","","",,,10,,,"普外"
"003306080110100","颧骨骨折切开复位内固定术(颧弓骨折)","","","","","","","",,,1,,,"骨科"
"004400000050100","药物罐(水罐)","","","","","","","",,,3,,20,"中医治疗"
"003105160040200","关节镜手术治疗(颞下颌关节盘复位术)","","","","","","","",,,1,,,"骨科"
"002101020130000","乳腺钼靶摄片8×10_","","","","","","","",,,1,,,"放射"
"003315150100000","人工桡骨头月骨置换术","","","","","","","",,,1,,,"骨科"
"003110000200000","经尿道输尿管镜检查","","","","","","","",,,1,,,"泌尿"
"003316030090000","切痂术","","","","","","","",,,10,,,"普外"
"003114000310000","血管瘤硬化剂注射治疗","","","","","","","",,,2,,,"介入治疗"
"003316030300000","游离皮片移植术","","","","","","","",,,10,,,"普外"
"003306010100000","鼻翼肿瘤切除成形术","","","","","","","",,,1,,,"耳鼻喉"
"003401000040800","紫外线治疗(生物剂量测定)","","","","","","","",,,2,,20,"物理治疗"
"003316030120000","头皮取皮术","","","","","","","",,,10,,,"普外"
"002505010280000","念珠菌镜检","","","","","","","",,,2,,,"化验"
"003103000810000","激光治疗眼前节病","","","","","","","",,,1,,,"一般诊疗"
"003302030100000","颈动脉外膜剥脱术","","","","","","","",,,1,,,"普外"
"003315010380000","腰椎间盘突出摘除术","","","","","","","",,,3,,,"骨科"
"003110000200100","经尿道输尿管镜检查(取异物)","","","","","","","",,,1,,,"泌尿"
"004400000040400","拔罐疗法(着罐)","","","","","","","",,,,,20,"中医治疗"
"004400000040000","拔罐疗法","","","","","","","",,,,,20,"中医治疗"
"004300000050400","微针针刺(腕踝针)","","","","","","","",,,,,20,"中医治疗"
"004700000070000","扁桃体烙法治疗","","","","","","","",,,,,20,"中医治疗"
"004300000050600","微针针刺(面针)","","","","","","","",,,,,20,"中医治疗"
"004300000050900","微针针刺(夹髓针)","","","","","","","",,,,,20,"中医治疗"
"004100000010000","贴敷疗法","","","","","","","",,,,,20,"中医治疗"
"004300000050200","微针针刺(鼻针)","","","","","","","",,,,,20,"中医治疗"
"004100000100000","赘生物中药腐蚀治疗","","","","","","","",,,,,20,"中医治疗"
"004100000030000","中药涂擦治疗","","","","","","","",,,,,20,"中医治疗"
"004400000040600","拔罐疗法(磁疗罐)","","","","","","","",,,,,20,"中医治疗"
"004400000040700","拔罐疗法(真空拔罐)","","","","","","","",,,,,20,"中医治疗"
"004300000050000","微针针刺","","","","","","","",,,,,20,"中医治疗"
"004700000150000","体表瘘管切开搔爬术","","","","","","","",,,,,20,"中医治疗"
"004400000040100","拔罐疗法(火罐)","","","","","","","",,,,,20,"中医治疗"
"004300000050100","微针针刺(舌针)","","","","","","","",,,,,20,"中医治疗"
"004300000120300","耳针(磁珠压耳穴)","","","","","","","",,,,,20,"中医治疗"
"004300000050500","微针针刺(手针)","","","","","","","",,,,,20,"中医治疗"
"004700000100000","中药硬膏热贴敷治疗","","","","","","","",,,,,20,"中医治疗"
"004300000120100","耳针(耳穴压豆)","","","","","","","",,,,,20,"中医治疗"
"004100000090000","中药熏药治疗","","","","","","","",,,,,20,"中医治疗"
"004400000040300","拔罐疗法(闪罐)","","","","","","","",,,,,20,"中医治疗"
"004300000050700","微针针刺(口针)","","","","","","","",,,,,20,"中医治疗"
"003401000010400","红外线治疗(远红外医疗舱治疗)","","","","","","","",,,,,20,"一般诊疗"
"004300000090000","梅花针","","","","","","","",,,,,20,"中医治疗"
"004300000050300","微针针刺(腹针)","","","","","","","",,,,,20,"中医治疗"
"004300000050800","微针针刺(项针)","","","","","","","",,,,,20,"中医治疗"
"004400000040200","拔罐疗法(电火罐)","","","","","","","",,,,,20,"中医治疗"
"004700000090000","耳咽中药吹粉治疗","","","","","","","",,,,,20,"中医治疗"
"004300000120200","耳针(耳穴埋针)","","","","","","","",,,,,20,"中医治疗"
"004400000040500","拔罐疗法(电罐)","","","","","","","",,,,,20,"中医治疗"
"003301000150000","麻醉中监测","","","住院","","","","",,,,,,"麻醉"
"003315130030100","残端修整术(手指)","","","","","","","",,,5,,,"骨科"
"003316030020000","烧伤扩创术","","","","","","","",,,2,,,"普外"
"003101000250000","肌电图监测","","","","","","","",,,24,,,"肌电"
"002407000040000","肿瘤消融术","","","","","","","",,,1,,,"一般诊疗"
"003315010560000","经皮穿刺颈腰椎间盘切除术","","","","","","","",,,3,,,"骨科"
"003303000080000","甲状腺部分切除术","","","","","","","",,,1,,,"普外"
"003315010390000","经皮激光腰椎间盘摘除术","","","","","","","",,,3,,,"骨科"
"004700000050100","小针刀治疗(刃针治疗)","","","","","","","",,,3,,20,"中医治疗"
"003315010210000","颈椎体次全切除植骨融合术","","","","","","","",,,3,,,"骨科"
"003312020100000","睾丸固定术","","","","","","","",,,1,,,"泌尿"
"003315200040000","手外伤局部转移皮瓣术","","","","","","","",,,5,,,"骨科"
"003101000050000","脑电图录象监测","","","","","","","",,,24,,,"脑电"
"003307020070000","袖状肺叶切除术","","","","","","","",,,1,,,"心胸"
"003315190010100","并指分离术(并趾)","","","","","","","",,,5,,,"骨科"
"002101030330000","窦道及瘘管造影","","","","","","","",,,1,,,"放射"
"003105040030400","面神经肌电图检查(下唇)","","","","","","","",,,2,,,"肌电"
"003302020040000","三叉神经干鞘膜内注射术","","","","","","","",,,2,,,"普外"
"002101030080000","支气管造影","","","","","","","",,,1,,,"放射"
"002101010010100","普通透视(胸)","","","","","","","",,,2,,,"放射"
"002403000040000","直线加速器放疗(固定照射)","","","","","","","",,,2,,,"放射"
"003105160040100","关节镜手术治疗(颞下颌关节活检术)","","","","","","","",,,1,,,"骨科"
"003308020110000","上腔静脉肺动脉吻合术(双向Glenn)","","","","","","","",,,2,,,"心胸"
"003316010020100","乳腺肿物切除术(窦道)","","","","","","","",,,1,,,"普外"
"003401000040400","紫外线治疗(低压紫外线)","","","","","","","",,,2,,20,"物理治疗"
"004300000110300","埋针治疗(穴位结扎)","","","","","","","",,,20,,20,"中医治疗"
"003316030140000","微粒自体皮制备","","","","","","","",,,10,,,"普外"
"003315010370000","椎管扩大成形术","","","","","","","",,,3,,,"骨科"
"003316010020000","乳腺肿物切除术","","","","","","","",,,1,,,"普外"
"003316010030000","副乳切除术","","","","","","","",,,1,,,"普外"
"003307020030000","肺段切除术","","","","","","","",,,1,,,"心胸"
"003316030100000","削痂术","","","","","","","",,,10,,,"普外"
"003309000120000","腹股沟淋巴管-腰干淋巴管吻合术","","","","","","","",,,1,,,"普外"
"003101000140000","颅内压监测","","","","","","","",,,24,,,"一般诊疗"
"003303000210000","肾上腺切除术","","","","","","","",,,1,,,"泌尿"
"003316030310000","皮肤撕脱反取皮回植术","","","","","","","",,,10,,,"普外"
"003303000230000","恶性嗜铬细胞瘤根治术","","","","","","","",,,1,,,"泌尿"
"003306010080000","下鼻甲部分切除术","","","","","","","",,,1,,,"耳鼻喉"
"003306070160000","髁状突高位切除术","","","","","","","",,,1,,,"耳鼻喉"
"003304020100100","泪小管填塞术(封闭术)","","","","","","","",,,1,,,"眼科"
"003302020020000","三叉神经周围支切断术","","","","","","","",,,2,,,"普外"
"002101020150000","数字化摄影(DR)","","","","","","","",,,4,,,"放射"
"003304030070000","下穹窿成形术","","","","","","","",,,1,,,"眼科"
"003106030010000","呼吸机辅助呼吸","","","","","","","",,,24,,,"ICU"
"002101020080000","牙片","","","","","","","",,,4,,,"放射"
"003316030410000","深度烧伤扩创关节成型术","","","","","","","",,,2,,,"骨科"
"003304090130000","眶内血肿穿刺术","","","","","","","",,,1,,,"眼科"
"003110000150100","肾穿刺术(造瘘)","","","","","","","",,,1,,,"泌尿"
"003105040030200","面神经肌电图检查(眼)","","","","","","","",,,2,,,"肌电"
"003304060200000","晶体张力环置入术","","","","","","","",,,1,,,"眼科"
"003306070170000","颞下颌关节成形术","","","","","","","",,,1,,,"耳鼻喉"
"003315220040000","脑瘫肌力肌张力调整术","","","","","","","",,,4,,,"骨科"
"002505010290000","念珠菌培养","","","","","","","",,,2,,,"化验"
"003306080120000","颧弓骨折复位术","","","","","","","",,,1,,,"骨科"
"003306050300000","颌面部血管瘤瘤腔内注射术","","","","","","","",,,2,,,"耳鼻喉"
"003309000020000","体表淋巴结摘除术","","","","","","","",,,2,,,"普外"
"003316030030000","烧伤血管破裂出血血管修补缝合术","","","","","","","",,,2,,,"普外"
"003306080110000","颧骨骨折切开复位内固定术","","","","","","","",,,1,,,"骨科"
"003105040030100","面神经肌电图检查(额)","","","","","","","",,,2,,,"肌电"
"003315010190000","颈椎间盘切除术","","","","","","","",,,3,,,"骨科"
"003312020060000","睾丸鞘膜翻转术","","","","","","","",,,1,,,"泌尿"
"003105160010000","颞颌关节腔内封闭治疗","","","","","","","",,,1,,,"骨科"
"003316040020000","慢性溃疡修复术","","","","","","","",,,2,,,"骨科"
"003315230110000","各部位多头带包扎术","","","","","","","",,,2,,,"骨科"
"004300000220000","穴位注射","","","","","","","",,,20,,20,"中医治疗"
"003315210280000","肌腱粘连松解术","","","","","","","",,,5,,,"骨科"
"003316030230000","切(削)痂网状自体皮移植术","","","","","","","",,,10,,,"普外"
"003315140020000","断指再植术","","","","","","","",,,5,,,"骨科"
"003315140020100","断指再植术(断趾)","","","","","","","",,,5,,,"骨科"
"003316030040000","深度烧伤扩创血管神经探查术","","","","","","","",,,2,,,"普外"
"003101000070000","神经传导速度测定","","","","","","","",,,2,,,"脑电"
"003106030020100","无创辅助通气(持续气道正压(CPAP))","","","","","","","",,,24,,,"ICU"
"003306080080000","髁状突骨折切开复位内固定术","","","","","","","",,,1,,,"骨科"
"002101010010400","普通透视(四肢)","","","","","","","",,,2,,,"放射"
"003308020410000","矫正型大动脉转位伴发畸形矫治术","","","","","","","",,,2,,,"心胸"
"003316030290000","带真皮血管网游离皮片切取术","","","","","","","",,,10,,,"普外"
"002101030060000","副鼻窦造影","","","","","","","",,,1,,,"放射"
"003114000310100","血管瘤硬化剂注射治疗(下肢血管曲张注射)","","","","","","","",,,2,,,"介入治疗"
"003315010290000","胸椎融合术","","","","","","","",,,3,,,"骨科"
"002403000010000","深部X线照射","","","","","","","",,,2,,,"放射"
"003302020030000","三叉神经撕脱术","","","","","","","",,,2,,,"普外"
"003307020010000","肺内异物摘除术","","","","","","","",,,1,,,"心胸"
"003308040620200","大隐静脉高位结扎＋剥脱术(小隐静脉曲张)","","","","","","","",,,1,,,"普外"
"003315010330000","经胸腹联合切口胸椎间盘切除术","","","","","","","",,,3,,,"骨科"
"003315190010000","并指分离术","","","","","","","",,,5,,,"骨科"
"003401000040300","紫外线治疗(短波紫外线)","","","","","","","",,,2,,20,"物理治疗"
"002703000050000","手术标本检查与诊断","","","","","","","",,,10,,,"病理"
"003307030130000","胸壁缺损修复术","","","","","","","",,,1,,,"心胸"
"003316030150000","自体皮细胞悬液制备","","","","","","","",,,10,,,"普外"
"003309000030000","颈淋巴结清扫术","","","","","","","",,,1,,,"普外"
"004300000110100","埋针治疗(穴位包埋)","","","","","","","",,,20,,20,"中医治疗"
"003101000230100","肌电图(眼肌电图)","","","","","","","",,,2,,,"肌电"
"002403000020000","60钴外照射(固定照射)","","","","","","","",,,2,,,"放射"
"003101000220000","多功能神经肌肉功能监测","","","","","","","",,,24,,,"一般诊疗"
"003315010320000","胸腰椎骨折切开复位内固定术","","","","","","","",,,3,,,"骨科"
"003310080010000","腹股沟疝修补术","","","","","","","",,,1,,,"普外"
"002101030260000","肾盂穿刺造影","","","","","","","",,,1,,,"放射"
"003110000180000","经皮肾盂镜检查","","","","","","","",,,1,,,"泌尿"
"002101030090000","乳腺导管造影","","","","","","","",,,1,,,"放射"
"004300000220100","穴位注射(穴位封闭)","","","","","","","",,,20,,20,"中医治疗"
"003315010600000","人工椎体置换术","","","","","","","",,,3,,,"骨科"
"003101000230000","肌电图","","","","","","","",,,2,,,"肌电"
"002101030320000","四肢淋巴管造影","","","","","","","",,,4,,,"放射"
"003307020060000","肺叶切除术","","","","","","","",,,1,,,"心胸"
"003307020020000","肺癌根治术","","","","","","","",,,1,,,"心胸"
"003304090230000","眼前段重建术","","","","","","","",,,1,,,"眼科"
"003101000080000","神经电图","","","","","","","",,,2,,,"脑电"
"003105160020000","关节腔灌洗治疗","","","","","","","",,,1,,,"骨科"
"003315190130000","复合组织游离移植","","","","","","","",,,2,,,"骨科"
"003303000230100","恶性嗜铬细胞瘤根治术(异位嗜铬细胞瘤根治术)","","","","","","","",,,1,,,"泌尿"
"003312020050000","高位隐睾下降固定术","","","","","","","",,,1,,,"泌尿"
"002101030290000","输精管造影","","","","","","","",,,1,,,"放射"
"003307020050000","肺楔形切除术","","","","","","","",,,1,,,"心胸"
"004300000110200","埋针治疗(穴位埋线)","","","","","","","",,,20,,20,"中医治疗"
"003110000210000","经膀胱镜输尿管插管术","","","","","","","",,,1,,,"泌尿"
"003309000140000","淋巴管大隐静脉吻合术","","","","","","","",,,1,,,"普外"
"003102080010000","胰岛素泵持续皮下注射胰岛素","","","","","","","",,,24,,,"一般诊疗"
"001110000030000","远程会诊","","","","","","","",,,,400,,"一般诊疗"
"332403000170000","X线立体定向放射治疗（射波刀，首次）","","","","","","","",,,,40000,,"放射"
"002507000190300","化学药物用药指导的基因检测","","","","","","","",,,,2200,,"化验"
"003112010320000","羊水泡沫振荡试验","生育","","","","","","",,,,,,"妇科"
"003112010530000","人工流产术","生育","","","","女性","","",,,,,,"妇科"
"003112010260000","胎心监测","生育","","","","女性","","",,1,,,,"监测"
"002507000150000","苯丙氨酸测定(PKU)","生育","","","","","","",,,,,,"化验"
"002501020220000","卵泡刺激素(LH)排卵预测","生育","","","","","","",,,,,,"化验"
"003112010510000","产后刮宫术","生育","","","","女性","","",,,,,,"妇科"
"003313030200000","开腹取环术","生育","","","","","","",,,,,,"妇科"
"003112010330000","羊水中胎肺成熟度LB记数检测","生育","","","","女性","","",,,,,,"妇科"
"003313020010000","输卵管结扎术","生育","","","","女性","","",,1,,,,"妇科"
"003112010490000","避孕药皮下埋植术","生育","","","","女性","","",,,,,,"妇科"
"003314000050000","死胎接生","生育","","","","女性","","",,,,,,"妇科"
"003312040050000","阴茎再植术","工伤","","","","男性","","",,,,,,"泌尿"
"003301000080000","术后镇痛","生育","","","","","","",,,,,,"麻醉"
"003306010250000","鼻畸形矫正术","工伤","","","","","","",,,,,,"耳鼻喉"
"003305010170000","分期耳廓成形术","工伤","","","","","","",,,,,,"耳鼻喉"
"003314000040000","多胎接生","生育","","","","女性","","",,,,,,"妇科"
"003112010480000","宫内节育器放置术","生育","","","","","","",,,,,,"妇科"
"003112010490100","避孕药皮下埋植术(皮下避孕药取出术)","生育","","","","女性","","",,,,,,"妇科"
"003314000150000","二次剖宫产术","生育","","","","女性","","",,,,,,"妇科"
"003314000120000","剖宫产术","生育","","","","女性","","",,,,,,"妇科"
"003112010310000","经皮脐静脉穿刺术","生育","","","","","","",,,,,,"妇科"
"003112010300100","羊膜腔穿刺术(羊膜腔注药中期引产术)","生育","","","","女性","","",,,,,,"妇科"
"002202010020000","B超常规检查","","","","","","","",,1,,,,"B超"
"003112010230000","产前检查","生育","","","","女性","","",,4,,,,"妇科"
"002507000100000","唐氏综合症筛查","生育","","","","女性","","",,,,,,"化验"
"003112010550000","催产素滴注引产术","生育","","","","女性","","",,,,,,"妇科"
"003112010300000","羊膜腔穿刺术","生育","","","","","","",,,,,,"妇科"
"003314000020000","单胎顺产接生","生育","","","","女性","","",,,,,,"妇科"
"003313020020000","显微外科输卵管吻合术","生育","","","","女性","","",,,,,,"妇科"
"003314000070000","难产接生","生育","","","","女性","","",,,,,,"妇科"
"003314000110000","脐带还纳术","生育","","","","","","",,,,,,"妇科"
"003314000170000","选择性减胎术","生育","","","","女性","","",,,,,,"妇科"
"003314000080000","外倒转术","生育","","","","","","",,,,,,"妇科"
"003314000180000","子宫颈裂伤修补术","生育","","","","女性","","",,,,,,"妇科"
"003301000080200","术后镇痛(分娩)","生育","","","","","","",,,,,,"麻醉"
"003305010180000","耳廓再造术","工伤","","","","","","",,,,,,"耳鼻喉"
"003112010560000","药物性引产处置术","生育","","","","女性","","",,,,,,"妇科"
"003112010250000","胎儿心电图","生育","","","","女性","","",,,,,,"心电"
"003314000090000","内倒转术","生育","","","","","","",,,,,,"妇科"
"003112010280000","胎儿脐血流监测","生育","","","","女性","","",,,,,,"妇科"
"003313020030000","输卵管修复整形术","生育","","","","女性","","",,,,,,"妇科"
"003112010390000","胎盘成熟度检测","生育","","","","女性","","",,,,,,"妇科"
"003316030430000","肌腱移植术","工伤","","","","","","",,,,,,"骨科"
"003314000060000","各种死胎分解术","生育","","","","女性","","",,,,,,"妇科"
"003306010040000","鼻继发畸形修复术","工伤","","","","","","",,,,,,"耳鼻喉"
"003305010160000","一期耳廓成形术","工伤","","","","","","",,,,,,"耳鼻喉"
"003112010270000","胎儿镜检查","生育","","","","女性","","",,,,,,"妇科"
"003112010340000","羊水置换","生育","","","","","","",,,,,,"妇科"
"003314000030000","双胎接生","生育","","","","女性","","",,,,,,"妇科"
"003306010260000","鼻再造术","工伤","","","","","","",,,,,,"耳鼻喉"
"003313060040000","经宫腔镜取环术","生育","","","","","","",,,,,,"妇科"
"003313030070000","孕期子宫内口缝合术","生育","","","","女性","","",,,,,,"妇科"
"003112010540000","子宫内水囊引产术","生育","","","","女性","","",,,,,,"妇科"
"003314000010000","人工破膜术","生育","","","","","","",,,,,,"妇科"
"003314000160000","腹腔妊娠取胎术","生育","","","","女性","","",,,,,,"妇科"
"003314000190000","子宫颈管环扎术(Mc-Donald)","生育","","","","女性","","",,,,,,"妇科"
"003112010480100","宫内节育器放置术(取出术)","生育","","","","","","",,,,,,"妇科"
"003112010470000","输卵管绝育术","生育","","","","女性","","",,,,,,"妇科"
"002103000040000","X线计算机体层(CT)成象","","三级","","","","","",,1,,,,"放射"
"002707000010000","原位杂交技术","","三级","","","","","",,,,,,"病理"
"003305020200000","电子耳蜗植入术","","三级","","","","小儿","(耳聋|听力障碍)",,,,,,"手术"
"332103000040200","肺结节CT靶重建和结构化报告","","三级","","","","","",,,,,,"放射"
"003310050180000","肝移植术","","三级","","","","","",,,,,,"手术"
"003304070020000","玻璃体切除术","","三级","","","","","",,,,,,"手术"
"003303000170000","喉返神经探查术","","","住院","","","","",,,,,,"耳鼻喉"
"002202010080000","床旁B超检查","","","住院","","","","",,1,,,,"B超"
"001102000010000","普通门诊诊查费","","","门诊","","","","",,1,,,,"一般诊疗"
"003101000130000","术中颅神经监测","","","住院","","","","",,,24,,,"监测"
"003301000060100","血液加温治疗(术中加温)","","","住院","","","","",,,,,,"一般诊疗"
"002101010030100","床旁透视与术中透视(透视下定位)","","","住院","","","","",,,,,,"放射"
"003115030010000","抗精神病药物治疗监测","","","住院","(精神|心理)","","","",,1,,,,"一般诊疗"
"003302020090300","面神经吻合术(听神经瘤手术中颅内直接吻合)","","","住院","","","","",,,,,,"耳鼻喉"
"002403000140000","术中放疗","","","住院","","","","",,,,,,"放射"
"002206000030000","床旁超声心动图","","","住院","","","","",,1,,,,"B超"
"001201000090000","精神病护理","","","住院","","","","",,1,,,,"ICU"
"002203020120000","临床操作的彩色多普勒超声引导","","","住院","","","","",,1,,,,"B超"
"001109000010000","普通病房床位费","","","住院","","","","",,1,,,,"一般诊疗"
"002101010030000","床旁透视与术中透视","","","住院","","","","",,,,,,"放射"
"002101010040100","C型臂术中透视(透视下定位)","","","住院","","","","",,,,,,"放射"
"001102000050000","住院诊查费","","","住院","","","","",,1,,,,"一般诊疗"
"001109000010600","普通病房床位费(新生儿床)","","","住院","","","","",,1,,,,"一般诊疗"
"002101010040000","C型臂术中透视","","","住院","","","","",,,,,,"放射"
"002202010080100","床旁B超检查(术中B超检查)","","","住院","","","","",,1,,,,"B超"
"001109000040000","特殊防护病房床位费","","","住院","","","","",,1,,,,"ICU"
"002206000060000","术中经食管超声心动图","","","住院","","","","",,,24,,,"B超"
"003108000070100","自体血回收(术中自体血回输)","","","住院","","","","",,,,,,"一般诊疗"
"001109000020100","百级层流洁净病房床位费","","","住院","","","","",,1,,,,"ICU"
"003309000010000","淋巴结穿刺术","","","住院","","","","",,1,,,,"放射"
"001109000020000","层流洁净病房床位费","","","住院","","","","",,1,,,,"ICU"
"002102000030000","脑功能成象","","","住院","","","","",,,,,,"放射"
"003402000020000","仪器平衡功能评定","","","","(康复)","","","",,,,,,"康复治疗"
"003402000270000","有氧训练","","","","(康复)","","","",90,,,,,"康复治疗"
"003402000080200","言语能力评定(构音障碍检查)","","","","(康复)","","","(言语功能障碍)",2,,,,,"康复治疗"
"003402000200000","运动疗法","","","","(康复)","","","(运动功能障碍)",180,,,,,"康复治疗"
"003115010031500","精神科C类量表测查(十六种人格问卷)","","","","(精神|心理)","","","",3,,,,,"精神治疗"
"003115010031200","精神科C类量表测查(明尼苏达多相个性测验)","","","","(精神|心理)","","","",3,,,,,"精神治疗"
"003115030030000","精神科监护","","","","(精神|心理)","","","",,1,,,,"精神治疗"
"003115010021400","精神科B类量表测查(格式塔测验)","","","","(精神|心理)","","","",3,,,,,"精神治疗"
"003115010030300","精神科C类量表测查(复合性国际诊断问卷(CIDI))","","","","(精神|心理)","","","",3,,,,,"精神治疗"
"003402000120000","认知知觉功能检查","","","","(康复)","","","(认知功能障碍|知觉功能障碍)",12,,,,,"康复治疗"
"003115010013100","精神科A类量表测查(再认能力测定感统量表)","","","","(精神|心理)","","","",,,,,,"精神治疗"
"003115020020000","眼动检查","","","","(精神|心理)","","","",,,,,,"精神治疗"
"003115030050000","多参数监护无抽搐电休克治疗","","","","(精神|心理)","","","",,,,,,"精神治疗"
"003115010012400","精神科A类量表测查(康奈氏(Conners)儿童行为量表)","","","","(精神|心理)","","小儿","",,,,,,"精神治疗"
"003115010020900","精神科B类量表测查(布雷德(Bleied)痴呆评定量表)","","","","(精神|心理)","","","",,,,,,"精神治疗"
"003115010010000","精神科A类量表测查","","","","(精神|心理)","","小儿","",3,,,,,"精神治疗"
"003115030260000","催眠治疗","","","","(精神|心理)","","","(抑郁症|焦虑症|强迫症|恐惧症)",15,,,,,"精神治疗"
"003115010011900","精神科A类量表测查(长谷川痴呆测验)","","","","(精神|心理)","","","",,,,,,"精神治疗"
"003402000010000","徒手平衡功能检查","","","","(康复)","","","",,,,,,"康复治疗"
"001104000010700","院前危急重症抢救费","","","","(急诊)","","","",,1,,,,"一般诊疗"
"003402000380000","认知知觉功能障碍训练","","","","(康复)","","","",,,,,,"康复治疗"
"003402000370000","吞咽功能障碍训练","","","","(康复)","","","(吞咽功能障碍)",,,,,,"康复治疗"
"003115010031600","精神科C类量表测查(专家系统行为观察诊断量表)","","","","(精神|心理)","","","",,,,,,"精神治疗"
"003115010031300","精神科C类量表测查(艾森克个性测验)","","","","(精神|心理)","","","",3,,,,,"精神治疗"
"003115030070000","胰岛素低血糖和休克治疗","","","","(精神|心理)","","","",,,,,,"精神治疗"
"003115010020500","精神科B类量表测查(强迫症状问卷)","","","","(精神|心理)","","","",,,,,,"精神治疗"
"003115020010000","套瓦(TOVA)注意力竞量测试","","","","(精神|心理)","","","",,,,,,"精神治疗"
"003115010011300","精神科A类量表测查(锥体外系副作用量表)","","","","(精神|心理)","","","",,,,,,"精神治疗"
"003115030270000","森田疗法","","","","(精神|心理)","","","(神经症)",,1,,,,"精神治疗"
"003115010011800","精神科A类量表测查(瞬时记忆测验)","","","","(精神|心理)","","","",,,,,,"精神治疗"
"003115010010600","精神科A类量表测查(躁狂状态评定量表)","","","","(精神|心理)","","","",,,,,,"精神治疗"
"003115010030000","精神科C类量表测查","","","","(精神|心理)","","小儿","",3,,,,,"精神治疗"
"003115010011500","精神科A类量表测查(艾森贝格行为量表)","","","","(精神|心理)","","","",3,,,,,"精神治疗"
"003115020040000","首诊精神病检查","","","","(精神|心理)","","","",,,,,,"精神治疗"
"003115010020200","精神科B类量表测查(慢性精神病标准化评定量表)","","","","(精神|心理)","","","",,,,,,"精神治疗"
"003115010012900","精神科A类量表测查(瞬时记忆广度测定)","","","","(精神|心理)","","","",,,,,,"精神治疗"
"003402000210000","减重支持系统训练","","","","(康复)","","","(行走障碍)",30,,,,,"康复治疗"
"003402000260100","关节松动训练(小关节(指关节))","","","","(康复)","","","(关节功能障碍)",,,,,,"康复治疗"
"003402000340000","言语训练","","","","(康复)","","","",,,,,,"康复治疗"
"003115010010400","精神科A类量表测查(汉密尔顿抑郁量表)","","","","(精神|心理)","","","",,,,,,"精神治疗"
"003115010012300","精神科A类量表测查(儿童孤独行为检查量表)","","","","(精神|心理)","","小儿","",,,,,,"精神治疗"
"003402000400000","偏瘫肢体综合训练","","","","(康复)","","","(肌肉瘫痪|偏瘫)",90,,,,,"康复治疗"
"003402000050000","手功能评定","","","","(康复)","","","(手功能障碍)",6,,,,,"康复治疗"
"003115010013500","精神科A类量表测查(比奈智力测定(10岁以下))","","","","(精神|心理)","","","",3,,,,,"精神治疗"
"003115010030200","精神科C类量表测查(阴性症状评定量表(SANS))","","","","(精神|心理)","","","",,,,,,"精神治疗"
"003115010030800","精神科C类量表测查(临床记忆测验)","","","","(精神|心理)","","","",3,,,,,"精神治疗"
"003115010013000","精神科A类量表测查(检查空间位置记忆广度测定)","","","","(精神|心理)","","","",,,,,,"精神治疗"
"003402000350000","儿童听力障碍语言训练","","","","(康复)","","小儿","(听力障碍)",48,,,,,"康复治疗"
"003115010011200","精神科A类量表测查(迟发运动障碍评定量表)","","","","(精神|心理)","","","",,,,,,"精神治疗"
"003402000230000","电动起立床训练","","","","(康复)","","","",30,,,,,"康复治疗"
"003402000110000","吞咽功能障碍评定","","","","(康复)","","","(吞咽功能障碍)",3,,,,,"康复治疗"
"003115010010300","精神科A类量表测查(汉密尔顿焦虑量表)","","","","(精神|心理)","","","",,,,,,"精神治疗"
"003402000090000","失语症检查","","","","(康复)","","","(失语症|构音障碍|言语失用)",6,,,,,"康复治疗"
"003115010012800","精神科A类量表测查(短时记忆广度测定)","","","","(精神|心理)","","","",,,,,,"精神治疗"
"003115010013400","精神科A类量表测查(丹佛小儿智能发育筛查表)","","","","(精神|心理)","","小儿","",3,,,,,"精神治疗"
"003402000080100","言语能力评定(一般失语症检查)","","","","(康复)","","","(言语功能障碍)",2,,,,,"康复治疗"
"003115010010200","精神科A类量表测查(宗(Zung)氏抑郁自评量表)","","","","(精神|心理)","","","",,,,,,"精神治疗"
"003402000310000","作业疗法","","","","(康复)","","","(ADL|活动能力障碍)",90,,,,,"康复治疗"
"003115010031700","精神科C类量表测查(808神经类型测验)","","","","(精神|心理)","","","",,,,,,"精神治疗"
"003115010011400","精神科A类量表测查(气质量表)","","","","(精神|心理)","","","",3,,,,,"精神治疗"
"003402000080300","言语能力评定(言语失用检查)","","","","(康复)","","","(言语功能障碍)",2,,,,,"康复治疗"
"003402000030000","日常生活能力评定","","","","(康复)","","","",6,,,,,"康复治疗"
"003402000140000","失认失用评定","","","","(康复)","","","",3,,,,,"康复治疗"
"003115010011600","精神科A类量表测查(常识注意测验)","","","","(精神|心理)","","","",,,,,,"精神治疗"
"003115010020100","精神科B类量表测查(阳性和阴性精神症状评定(PANSS)量表)","","","","(精神|心理)","","","",,,,,,"精神治疗"
"003115030190000","暗示治疗","","","","(精神|心理)","","","",,1,,,,"精神治疗"
"003115010011000","精神科A类量表测查(药物副作用量表)","","","","(精神|心理)","","","",,,,,,"精神治疗"
"003115030040000","电休克治疗","","","","(精神|心理)","","","",,,,,,"精神治疗"
"003115010030900","精神科C类量表测查(韦氏智力测验)","","","","(精神|心理)","","","",3,,,,,"精神治疗"
"003115010031400","精神科C类量表测查(卡特尔16项人格测验)","","","","(精神|心理)","","","",,,,,,"精神治疗"
"003115020030000","尿MHPG测定","","","","(精神|心理)","","","",,,,,,"精神治疗"
"003402000220000","轮椅功能训练","","","","(康复)","","","",30,,,,,"康复治疗"
"003115010020800","精神科B类量表测查(标准化现状检查)","","","","(精神|心理)","","","",3,,,,,"精神治疗"
"003402000320000","职业功能训练","","","","(康复)","","","",90,,,,,"康复治疗"
"003115010020000","精神科B类量表测查","","","","(精神|心理)","","小儿","",3,,,,,"精神治疗"
"003402000390000","康复评定","","","","(康复)","","","",3,,,,,"康复治疗"
"001102000000300","诊查费(营养咨询)","","","","(营养)","","","",,,,,,"一般诊疗"
"003115010020300","精神科B类量表测查(紧张性生活事件评定量表)","","","","(精神|心理)","","","",3,,,,,"精神治疗"
"003115030250000","麻醉分析","","","","(精神|心理)","","","",,,,,,"精神治疗"
"003115010011700","精神科A类量表测查(简明心理状况测验(MMSE))","","","","(精神|心理)","","","",,,,,,"精神治疗"
"003115030290000","厌恶治疗","","","","(精神|心理)","","","",,,,,,"精神治疗"
"003115010012000","精神科A类量表测查(认知方式测定)","","","","(精神|心理)","","","",3,,,,,"精神治疗"
"003115010020400","精神科B类量表测查(老年认知功能量表(SECC))","","","","(精神|心理)","","","",,,,,,"精神治疗"
"003115010030400","精神科C类量表测查(现状精神病症状检查(PSE))","","","","(精神|心理)","","","",,,,,,"精神治疗"
"003115010011100","精神科A类量表测查(不自主运动评定量表)","","","","(精神|心理)","","","",,,,,,"精神治疗"
"003115010032000","精神科C类量表测查(儿童发育量表(PEP))","","","","(精神|心理)","","","",3,,,,,"精神治疗"
"003115010013200","精神科A类量表测查(日常生活能力评定量表)","","","","(精神|心理)","","","",,,,,,"精神治疗"
"003115010010900","精神科A类量表测查(临床总体印象量表(CGI))","","","","(精神|心理)","","","",,,,,,"精神治疗"
"003115010021300","精神科B类量表测查(瑞文智力测定)","","","","(精神|心理)","","","",3,,,,,"精神治疗"
"003402000420000","截瘫肢体综合训练","","","","(康复)","","","(肌肉瘫痪|偏瘫)",90,,,,,"康复治疗"
"003115010030100","精神科C类量表测查(阳性症状评定量表(SAPS))","","","","(精神|心理)","","","",,,,,,"精神治疗"
"003115010030500","精神科C类量表测查(症状自评量表)","","","","(精神|心理)","","","",,,,,,"精神治疗"
"003402000250000","手功能训练","","","","(康复)","","","(手功能障碍)",90,,,,,"康复治疗"
"003115010021000","精神科B类量表测查(艾森克人格测定(少年版))","","","","(精神|心理)","","","",3,,,,,"精神治疗"
"003115030160000","工娱治疗","","","","(精神|心理)","","","",,1,,,,"精神治疗"
"003402000120100","认知知觉功能检查(计算定向思维推理检查)","","","","(康复)","","","(认知功能障碍|知觉功能障碍)",12,,,,,"康复治疗"
"003402000260200","关节松动训练(大关节)","","","","(康复)","","","(关节功能障碍)",90,,,,,"康复治疗"
"003115010031900","精神科C类量表测查(韦氏智力测定(学前、学龄))","","","","(精神|心理)","","","",3,,,,,"精神治疗"
"003402000410000","脑瘫肢体综合训练","","","","(康复)","","小儿","(脑瘫)",24,,,,,"康复治疗"
"003402000240000","平衡功能训练","","","","(康复)","","","(平衡功能障碍)",90,,,,,"康复治疗"
"003115010012700","精神科A类量表测查(注意分配测定)","","","","(精神|心理)","","","",,,,,,"精神治疗"
"003115010010500","精神科A类量表测查(艾森贝格(Asberg)抗抑郁剂副反应量表)","","","","(精神|心理)","","","",,,,,,"精神治疗"
"003115010031000","精神科C类量表测查(神经心理测验)","","","","(精神|心理)","","","",3,,,,,"精神治疗"
"001102000000100","诊查费(营养状况评估)","","","","(营养)","","","",,,,,,"一般诊疗"
"003115010012200","精神科A类量表测查(儿童内外控量表)","","","","(精神|心理)","","小儿","",,,,,,"精神治疗"
"003115010010100","精神科A类量表测查(宗(Zung)氏焦虑自评量表)","","","","(精神|心理)","","","",,,,,,"精神治疗"
"003115030060000","暴露疗法和半暴露疗法","","","","(精神|心理)","","","(神经症)",,,,,,"精神治疗"
"003115030100000","脑电生物反馈治疗","","","","(精神|心理)","","","",,1,,,,"精神治疗"
"003115010010700","精神科A类量表测查(简明精神病评定量表(BPRS))","","","","(精神|心理)","","","",,,,,,"精神治疗"
"003115010012600","精神科A类量表测查(注意广度测定表)","","","","(精神|心理)","","","",,,,,,"精神治疗"
"003115010020700","精神科B类量表测查(社会功能缺陷筛选量表)","","","","(精神|心理)","","","",3,,,,,"精神治疗"
"003312040130100","阴茎畸型整形术(阴茎弯曲矫正)","","","","","男性","","",,,,,,"泌尿"
"003312010010000","前列腺癌根治术","","","","","男性","","",,,,,,"泌尿"
"003312040140100","阴茎延长术(阴茎加粗)","","","","","男性","","",,,,,,"泌尿"
"003312020080000","睾丸附件扭转探查术","","","","","女性","","",,,1,,,"泌尿"
"003314000120100","剖宫产术(古典式)","","","","","女性","","",,,,,,"妇科"
"003112010460000","阴道内人工授精术","","","","","女性","","",,,,,,"妇科"
"003313030230200","子宫悬吊术(阴道残端悬吊术)","","","","","女性","","",,,,,,"妇科"
"003313040150000","全阴道切除术","","","","","女性","","",,,,,,"妇科"
"003112010700000","胚胎评分","","","","","女性","","",,,,,,"妇科"
"003311040160000","会阴阴囊皮瓣尿道成型术","","","","","女性","","",,,,,,"妇科"
"003111000050000","阴茎勃起神经检查","","","","","男性","","",,,,,,"泌尿"
"002504040080000","前列腺酸性磷酸酶测定(PAP)","","","","","男性","","",,,,,,"化验"
"003313040020000","阴道裂伤缝合术","","","","","女性","","",,,,,,"妇科"
"002501040130000","前列腺液常规检查","","","","","男性","","",,,,,,"化验"
"002504040080100","前列腺酸性磷酸酶测定(化学发光法)","","","","","男性","","",,,,,,"化验"
"002504040070000","复合前列腺特异性抗原(CPSA)测定","","","","","男性","","",,,,,,"化验"
"003313040030000","阴道扩张术","","","","","女性","","",,,,,,"妇科"
"002302000520000","阴囊显象","","","","","男性","","(睾丸扭转|附睾炎)",,,,,,"放射"
"003111000160000","前列腺注射","","","","","男性","","",,,,,,"泌尿"
"003312030040000","精索静脉瘤切除术","","","","","男性","","",,,,,,"泌尿"
"003112010650000","早孕期经腹绒毛取材术","","","","","女性","","",,,,,,"妇科"
"003313030090000","子宫颈截除术","","","","","女性","","",,,,,,"妇科"
"003111000090000","阴茎海绵体内药物注射","","","","","男性","","",,,,,,"泌尿"
"003112010150200","子宫输卵管通液术(注药)","","","","","女性","","",,,,,,"妇科"
"003313030230300","子宫悬吊术(盆底重建术)","","","","","女性","","",,,,,,"妇科"
"003313030220000","子宫动脉结扎术","","","","","女性","","",,,,,,"妇科"
"003313040070200","阴道良性肿物切除术(阴道结节)","","","","","女性","","",,,,,,"妇科"
"003310040280200","尾路肛门成形术(直肠阴道瘘修补)","","","","","女性","","",,,,,,"妇科"
"003313040120000","阴道中隔成形术","","","","","女性","","",,,,,,"妇科"
"003111000060300","睾丸阴茎海绵体活检术(取精)","","","","","男性","","",,,,,,"泌尿"
"003313030010100","宫颈息肉切除术(子宫内膜息肉)","","","","","女性","","",,,,,,"妇科"
"002507000130000","染色体分析","","","","","女性","","",,,,,,"化验"
"003112010090000","宫颈注射","","","","","女性","","",,,,,,"妇科"
"003107020040000","射频消融术","","","","","女性","","",,,,,,"介入治疗"
"003111000040000","阴茎超声血流图检查","","","","","男性","","",,,,,,"泌尿"
"003311030260000","经尿道膀胱肿瘤特殊治疗","","","","","男性","","(膀胱肿瘤|膀胱肿癌|膀胱炎)",,,,,,"妇科"
"003313050030000","陈旧性会阴Ⅲ度裂伤缝合术","","","","","女性","","",,,,,,"妇科"
"003314000130000","剖宫产术中子宫全切术","","","","","女性","","",,,,,,"妇科"
"003313020040100","输卵管切除术(宫外孕的各类手术(如输卵管开窗术))","","","","","女性","","",,,,,,"妇科"
"003313030190000","子宫整形术","","","","","女性","","",,,,,,"妇科"
"003310040300000","会阴成形直肠前庭瘘修补术","","","","","女性","","",,,,,,"妇科"
"002504040080200","前列腺酸性磷酸酶测定(各种免疫学方法)","","","","","男性","","",,,,,,"化验"
"003313020070000","输卵管选择性插管术","","","","","女性","","",,,,,,"妇科"
"002202010020600","B超常规检查(产科)","","","","","女性","","",,,,,,"B超"
"003112010530003","人工流产术(哺乳期子宫)","","","","","女性","","",,,,,,"妇科"
"003313030190100","子宫整形术(纵隔切除)","","","","","女性","","",,,,,,"妇科"
"003313040100000","阴道壁血肿切开术","","","","","女性","","",,,,,,"妇科"
"003313010020000","卵巢囊肿剔除术","","","","","女性","","",,,1,,,"妇科"
"003112010530004","人工流产术(钳刮术)","","","","","女性","","",,,,,,"妇科"
"003313030020000","宫颈肌瘤剔除术","","","","","女性","","",,,,,,"妇科"
"003313010020100","卵巢囊肿剔除术(烧灼术)","","","","","女性","","",,,1,,,"妇科"
"002504040060000","游离前列腺特异性抗原测定(FPSA)","","","","","男性","","",,,,,,"化验"
"003312010050000","前列腺脓肿切开术","","","","","男性","","",,,,,,"泌尿"
"003313040090000","阴道直肠瘘修补术","","","","","女性","","",,,,,,"妇科"
"003112010530002","人工流产术(疤痕子宫)","","","","","女性","","",,,,,,"妇科"
"003312040020000","包皮环切术","","","","","男性","","",,,,,,"泌尿"
"003112010140000","子宫直肠凹封闭术","","","","","女性","","",,,,,,"妇科"
"003313030100000","子宫修补术","","","","","女性","","",,,,,,"妇科"
"003312040110000","阴茎再造术","","","","","男性","","",,,,,,"泌尿"
"003111000060100","睾丸阴茎海绵体活检术(穿刺)","","","","","男性","","",,,,,,"泌尿"
"003112010010200","荧光检查(阴道)","","","","","女性","","",,,,,,"泌尿"
"002504020220000","抗卵巢抗体测定","","","","","女性","","",,,,,,"化验"
"003313010010000","经阴道卵巢囊肿穿刺术","","","","","女性","","",,,1,,,"妇科"
"003313040140000","阴道缩紧术","","","","","女性","","",,,,,,"妇科"
"002702000040300","脱落细胞学检查与诊断(阴道)","","","","","女性","","",,,,,,"病理"
"003111000170000","前列腺特殊治疗","","","","","男性","","(前列腺炎|前列腺增生)",,,,,,"泌尿"
"003316010160000","乳腺癌保乳术+即刻乳房修复术","","","","","女性","","",,,,,,"普外"
"003312040070000","阴茎部分切除术","","","","","男性","","",,,,,,"泌尿"
"003313060050000","经宫腔镜输卵管插管术","","","","","女性","","",,,,,,"妇科"
"332203029030000","早孕期胎儿结构超声筛查","","","","","女性","","",,,,,,"一般诊疗"
"003313060080000","经宫腔镜子宫肌瘤切除术","","","","","女性","","",,,,,,"妇科"
"003313050020000","陈旧性会阴裂伤修补术","","","","","女性","","",,,,,,"妇科"
"003310070150100","胰腺移植术(胎儿胰腺移植术)","","","","","女性","","",,,,,,"妇科"
"003112010160000","子宫内翻复位术","","","","","女性","","",,,,,,"妇科"
"003313010040200","卵巢楔形切除术(多囊卵巢打孔术)","","","","","女性","","",,,1,,,"妇科"
"003313050080000","单纯性外阴切除术","","","","","女性","","",,,,,,"妇科"
"003313040130100","后穹窿损伤缝合术(阴道后穹窿切开引流术)","","","","","女性","","",,,,,,"妇科"
"002101030300000","子宫造影","","","","","女性","","",,1,1,,,"放射"
"003312040160000","尿道阴茎海绵体分流术","","","","","男性","","",,,,,,"泌尿"
"003314000070400","难产接生(胎头旋转)","","","","","女性","","",,,,,,"妇科"
"003112010400000","胚胎培养","","","","","女性","","",,,,,,"妇科"
"003315010110000","骶骨肿瘤骶骨部分切除术","","","","","女性","","",,,,,,"妇科"
"002503100370000","孕酮测定","","","","","女性","","",,,,,,"化验"
"003312040070100","阴茎部分切除术(阴茎癌切除术)","","","","","男性","","",,,,,,"泌尿"
"003314000120200","剖宫产术(子宫下段)","","","","","女性","","",,,,,,"妇科"
"003303000160000","胎儿甲状腺移植术","","","","","女性","","",,,,,,"一般诊疗"
"003111000060000","睾丸阴茎海绵体活检术","","","","","男性","","",,,,,,"泌尿"
"003310040290000","会阴肛门成形术","","","","","女性","","",,,,,,"妇科"
"002203020110100","腔内彩色多普勒超声检查(经阴道)","","","","","女性","","",,1,,,,"B超"
"002302000510000","阴道尿道瘘显象","","","","","女性","","",,,,,,"放射"
"003313030230100","子宫悬吊术(阴道吊带术)","","","","","女性","","",,,,,,"妇科"
"002504020940000","抗胎盘合体滋养层细胞抗体测定","","","","","女性","","",,,,,,"化验"
"003112010080200","宫颈活检术(阴道囊肿穿刺术)","","","","","女性","","",,,,,,"妇科"
"003312040130000","阴茎畸型整形术","","","","","男性","","",,,,,,"泌尿"
"002504040050000","总前列腺特异性抗原测定(TPSA)","","","","","男性","","",,,,,,"化验"
"003112010760000","卵巢组织冷冻保存","","","","","女性","","",,,,,,"妇科"
"003111000140000","前列腺针吸细胞学活检术","","","","","男性","","",,,,,,"泌尿"
"003312040190200","阴茎静脉结扎术(背深静脉)","","","","","男性","","",,,,,,"泌尿"
"003111000210000","阴茎长度测量","","","","","男性","","",,,,,,"泌尿"
"003112010020000","外阴活检术","","","","","女性","","",,,,,,"妇科"
"003310080060000","会阴疝修补术","","","","","女性","","",,,,,,"妇科"
"003112010150000","子宫输卵管通液术","","","","","女性","","",,1,,,,"妇科"
"003112010030100","外阴病光照射治疗(光谱治疗)","","","","","女性","","",,,,,,"妇科"
"002504040050100","总前列腺特异性抗原测定(TPSA)(各种免疫学方法)","","","","","男性","","",,,,,,"化验"
"003112010130000","子宫内膜活检术","","","","","女性","","",,,,,,"妇科"
"003312010070000","经尿道前列腺气囊扩张术","","","","","男性","","",,,,,,"泌尿"
"003312040030000","阴茎包皮过短整形术","","","","","男性","","",,,,,,"泌尿"
"003313010050000","卵巢切除术","","","","","女性","","",,,1,,,"妇科"
"003312010020000","耻骨上前列腺切除术","","","","","男性","","",,,,,,"泌尿"
"003316010090000","乳房再造术II期","","","","","女性","","",,,,,,"普外"
"003112010050000","阴道填塞","","","","","女性","","",,,,,,"妇科"
"003112010040000","阴道镜检查","","","","","女性","","",,,,,,"妇科"
"003201000010000","经皮选择性静脉造影术","","","","","男性","","",,,1,,,"放射"
"003314000070200","难产接生(臀位牵引)","","","","","女性","","",,,,,,"妇科"
"003312040080100","阴茎全切术(阴茎癌切除术)","","","","","男性","","",,,,,,"泌尿"
"003112010710000","胚胎染色体病诊断","","","","","女性","","",,,,,,"妇科"
"003112010670000","经宫腔输卵管镜检查","","","","","女性","","",,,,,,"妇科"
"003112010410000","胚胎移植术","","","","","女性","","",,,,,,"妇科"
"003312040190100","阴茎静脉结扎术(海绵体静脉)","","","","","男性","","",,,,,,"泌尿"
"003312040090001","阴茎阴囊全切(尿路改道术)","","","","","男性","","",,,,,,"泌尿"
"003314000070100","难产接生(臀位助产)","","","","","女性","","",,,,,,"妇科"
"003312020010000","阴囊坏死扩创术","","","","","男性","","",,,,,,"泌尿"
"003313050050300","外阴良性肿物切除术(赘生物)","","","","","女性","","",,,,,,"妇科"
"003313040080000","阴道成形术","","","","","女性","","(尿瘘)",,,,,,"妇科"
"003112010030000","外阴病光照射治疗","","","","","女性","","",,,,,,"妇科"
"002504020620000","抗胎盘抗原抗体检测","","","","","女性","","",,,,,,"化验"
"003112010150100","子宫输卵管通液术(通气)","","","","","女性","","",,,,,,"妇科"
"003313030140000","腹式全子宫切除术","","","","","女性","","",,,,,,"妇科"
"003112010570000","乳房按摩","","","","","女性","","",,,,,,"妇科"
"003112010380000","B超下卵巢囊肿穿刺术","","","","","女性","","",,,,,,"妇科"
"003313050050100","外阴良性肿物切除术(肿瘤)","","","","","女性","","",,,,,,"妇科"
"003111000100100","阴茎赘生物电灼术(冷冻术)","","","","","男性","","",,,,,,"泌尿"
"001304000010000","围产保健访视","","","","","女性","","",,,,,,"一般诊疗"
"003313030110000","经腹子宫肌瘤剔除术","","","","","女性","","",,,,,,"妇科"
"002202020010000","经阴道B超检查","","","","","女性","","",,1,,,,"B超"
"003310040350000","经腹会阴联合直肠内异物取出术","","","","","女性","","",,,,,,"妇科"
"003312020120000","睾丸肿瘤腹膜后淋巴结清扫术","","","","","男性","","",,,1,,,"泌尿"
"003314000120300","剖宫产术(腹膜外剖宫取胎术)","","","","","女性","","",,,,,,"妇科"
"003313010040100","卵巢楔形切除术(卵巢切开探查)","","","","","女性","","",,,1,,,"妇科"
"003111000110000","阴茎动脉测压术","","","","","男性","","",,,,,,"泌尿"
"002202030040000","胎儿生物物理相评分","","","","","女性","","",,,,,,"B超"
"003313060070000","经宫腔镜子宫纵隔切除术","","","","","女性","","",,,,,,"妇科"
"002503100370100","孕酮测定(化学发光法)","","","","","女性","","",,,,,,"化验"
"003112010060000","阴道灌洗上药","","","","","女性","","",,,,,,"妇科"
"003313010090000","卵巢移位术","","","","","女性","","",,,1,,,"妇科"
"002202010060000","输卵管超声造影","","","","","女性","","",,,,,,"B超"
"003313040070100","阴道良性肿物切除术(阴道囊肿切除)","","","","","女性","","",,,,,,"妇科"
"003312010030000","耻骨后前列腺切除术","","","","","男性","","",,,,,,"泌尿"
"003312020040000","阴囊肿物切除术","","","","","男性","","",,,,,,"泌尿"
"003312040060000","阴茎囊肿切除术","","","","","男性","","",,,,,,"泌尿"
"003313040010000","阴道异物取出术","","","","","女性","","",,,,,,"妇科"
"002101030280000","阴茎海绵体造影","","","","","男性","","(动静脉畸形)",,1,,,,"放射"
"003311040010100","尿道修补术(经会阴)","","","","","女性","","",,,,,,"妇科"
"003313020040000","输卵管切除术","","","","","女性","","",,,,,,"妇科"
"003316010090200","乳房再造术II期(大网膜移植)","","","","","女性","","",,,,,,"普外"
"002502020290000","胎儿血红蛋白(HbF)酸洗脱试验","","","","","女性","","",,,,,,"化验"
"003313030270100","热球子宫内膜去除术(电凝术)","","","","","女性","","",,,,,,"妇科"
"003312040010100","嵌顿包茎松解术(包皮扩张分离术)","","","","","男性","","",,,,,,"泌尿"
"003313040050000","阴道横纵膈切开术","","","","","女性","","",,,,,,"妇科"
"003311040160000","会阴阴囊皮瓣尿道成型术","","","","","男性","","",,,,,,"妇科"
"003112010570100","乳房按摩(微波按摩)","","","","","女性","","",,,,,,"妇科"
"002504040040000","碱性胎儿蛋白测定(BFP)","","","","","女性","","",,,,,,"化验"
"002505010390000","细菌性阴道病唾液酸酶测定","","","","","女性","","",,,,,,"化验"
"003313030190200","子宫整形术(残角子宫切除)","","","","","女性","","",,,,,,"妇科"
"003310040110000","经腹会阴直肠癌根治术(Miles手术)","","","","","女性","","",,,,,,"妇科"
"003313030290000","粘膜下子宫肌瘤圈套术","","","","","女性","","",,,,,,"妇科"
"003312040180000","阴茎海绵体分离术","","","","","男性","","",,,,,,"泌尿"
"003315010070000","后路腰椎椎板及附件肿瘤切除术","","","","","女性","","",,,,,,"妇科"
"003312030030000","精索静脉转流术","","","","","男性","","",,,,,,"泌尿"
"002504020230000","抗子宫内膜抗体测定(EMAb)","","","","","女性","","",,,,,,"化验"
"003313050040100","外阴脓肿切开引流术(外阴血肿切开)","","","","","女性","","",,,,,,"妇科"
"001401000040000","离体残肢处理","","","","","女性","","",,,,,,"一般诊疗"
"003312040040000","阴茎外伤清创术","","","","","男性","","",,,,,,"泌尿"
"003313020090000","输卵管宫角植入术","","","","","女性","","",,,,,,"妇科"
"002203010010600","彩色多普勒超声常规检查(产科)","","","","","女性","","",,,,,,"B超"
"003315010050000","胸椎椎板及附件肿瘤切除术","","","","","女性","","",,,,,,"妇科"
"003112010090100","宫颈注射(阴道侧穹窿封闭)","","","","","女性","","",,,,,,"妇科"
"003313040070000","阴道良性肿物切除术","","","","","女性","","",,,,,,"妇科"
"003314000070500","难产接生(产钳助产)","","","","","女性","","",,,,,,"妇科"
"332504010470000","胎盘生长因子检测","","","","","女性","","",,,,,,"化验"
"003312040100000","阴茎重建成形术","","","","","男性","","",,,,,,"泌尿"
"003313050100000","外阴广泛切除+淋巴结清除术","","","","","女性","","",,,,,,"妇科"
"003313030230000","子宫悬吊术","","","","","女性","","",,,,,,"妇科"
"003313040060000","阴道闭锁切开术","","","","","女性","","",,,,,,"妇科"
"003112010570200","乳房按摩(吸乳)","","","","","女性","","",,,,,,"妇科"
"003313020100000","输卵管介入治疗","","","","","女性","","",,,,,,"妇科"
"003316010090100","乳房再造术II期(带血管蒂的肌皮组织移植)","","","","","女性","","",,,,,,"普外"
"003313050090000","外阴局部扩大切除术","","","","","女性","","",,,,,,"妇科"
"003111000130000","B超引导下前列腺活检术","","","","","男性","","",,,,,,"泌尿"
"003112010120000","子宫托治疗","","","","","女性","","",,,,,,"妇科"
"003313020080000","经腹腔镜输卵管高压洗注术","","","","","女性","","",,,,,,"妇科"
"003312010060000","经尿道前列腺电切术","","","","","男性","","",,,,,,"泌尿"
"003313010100000","卵巢移植术","","","","","女性","","",,,,,,"妇科"
"003112010080100","宫颈活检术(阴道壁活检)","","","","","女性","","",,,,,,"妇科"
"003313010040000","卵巢楔形切除术","","","","","女性","","",,,1,,,"妇科"
"003312040170000","阴茎血管重建术","","","","","男性","","",,,,,,"泌尿"
"003112010740000","孕早期绒毛细胞培养","","","","","女性","","",,,,,,"妇科"
"003312030050000","精索静脉曲张栓塞术","","","","","男性","","",,,,,,"泌尿"
"003313010030000","卵巢修补术","","","","","女性","","",,,1,,,"妇科"
"003111000100000","阴茎赘生物电灼术","","","","","男性","","",,,,,,"泌尿"
"333314000200000","剖宫产术后再次妊娠阴道分娩","","","","","女性","","",,,,,,"妇科"
"002501040140000","阴道分泌物检查","","","","","女性","","",,,,,,"化验"
"003313030160000","次广泛子宫切除术","","","","","女性","","",,,,,,"妇科"
"003313030170000","广泛性子宫切除+盆腹腔淋巴结清除术","","","","","女性","","",,,,,,"妇科"
"003313030150000","全子宫+双附件切除术","","","","","女性","","",,,,,,"妇科"
"003313020060000","经输卵管镜插管通水术","","","","","女性","","",,,,,,"妇科"
"003112010690000","胚胎单基因病诊断","","","","","女性","","",,,,,,"妇科"
"003313050050200","外阴良性肿物切除术(囊肿)","","","","","女性","","",,,,,,"妇科"
"003112010630000","冷冻胚胎复苏","","","","","女性","","",,,,,,"妇科"
"003313030130000","阴式全子宫切除术","","","","","女性","","",,,,,,"妇科"
"003310040270000","腹会阴肛门成形术","","","","","女性","","",,,,,,"妇科"
"002503100330100","17α羟孕酮测定(化学发光法)","","","","","女性","","",,,,,,"化验"
"003312040120000","阴茎假体置放术","","","","","男性","","",,,,,,"泌尿"
"002504040050200","总前列腺特异性抗原测定(TPSA)(化学发光法)","","","","","男性","","",,,,,,"化验"
"003312040140200","阴茎延长术(隐匿型延长术)","","","","","男性","","",,,,,,"泌尿"
"003312010080000","经尿道前列腺支架置入术","","","","","男性","","",,,,,,"泌尿"
"003313060030100","宫腔镜检查(幼女阴道异物诊治)","","","","","女性","","",,,,,,"妇科"
"003312040140000","阴茎延长术","","","","","男性","","",,,,,,"泌尿"
"003112010750000","卵巢组织冷冻","","","","","女性","","",,,,,,"妇科"
"003314000100000","手取胎盘术","","","","","女性","","",,,,,,"妇科"
"003313030190300","子宫整形术(畸形子宫矫治)","","","","","女性","","",,,,,,"妇科"
"003313010070000","卵巢癌探查术","","","","","女性","","",,,,,,"妇科"
"003313050010000","外阴损伤缝合术","","","","","女性","","",,,,,,"妇科"
"003313050110000","外阴整形术","","","","","女性","","",,,,,,"妇科"
"003112010030200","外阴病光照射治疗(远红外线治疗)","","","","","女性","","",,,,,,"妇科"
"003311040140000","尿道阴道瘘修补术","","","","","女性","","",,,,,,"妇科"
"003312010040000","前列腺囊肿切除术","","","","","男性","","",,,,,,"泌尿"
"333314000020200","产科陪伴分娩（引产）服务","","","","","女性","","",,,,,,"妇科"
"003314000140000","剖宫产术中子宫次全切术","","","","","女性","","",,,,,,"妇科"
"002503080030000","血清前列腺酸性磷酸酶质量测定","","","","","男性","","",,,,,,"化验"
"003313040040000","阴道疤痕切除术","","","","","女性","","",,,,,,"妇科"
"002504040240000","等克分子前列腺特异抗原测定","","","","","男性","","",,,,,,"化验"
"003112010730000","胎儿细胞制片","","","","","女性","","",,,,,,"妇科"
"003112010520000","葡萄胎刮宫术","","","","","女性","","",,,,,,"妇科"
"003313020010200","输卵管结扎术(经阴道术式)","","","","","女性","","",,,,,,"妇科"
"003313030240000","子宫内翻复位术","","","","","女性","","",,,,,,"妇科"
"003313040110000","阴道前后壁修补术","","","","","女性","","",,,,,,"妇科"
"003312040190000","阴茎静脉结扎术","","","","","男性","","",,,,,,"泌尿"
"003112010440000","输卵管内胚子移植术","","","","","女性","","",,,,,,"妇科"
"002503100330000","17α羟孕酮测定","","","","","女性","","",,,,,,"化验"
"002503100330200","17α羟孕酮测定(各种免疫学方法)","","","","","女性","","",,,,,,"化验"
"003313060090000","经宫腔镜子宫内膜剥离术","","","","","女性","","",,,,,,"妇科"
"003313030120000","子宫次全切除术","","","","","女性","","",,,,,,"妇科"
"003108000050000","血细胞分离单采","","","","","","","(骨髓瘤|白血病|红细胞增多症|血小板增多症)",,,,,,"一般诊疗"
"002403000100000","半身照射","","","","","","","(骨转移)",1,,,,,"放射"
"003109050150000","经皮胆囊超声碎石取石术","","","","","","","(胆囊结石)",,,,,,"一般诊疗"
"003114000530000","翻身床治疗","","","","","","","(烧伤)",,1,,,,"物理治疗"
"003111000030000","夜间阴茎胀大试验","","","","","男性","","",,,,,,"泌尿"
"003313030280100","根治性宫颈切除术(阴道)","","","","","女性","","",,,,,,"妇科"
"001109000010500","套间病房床位费","","","","","女性","","",,,,,,"一般诊疗"
"003313030180000","经腹阴道联合子宫切除术","","","","","女性","","",,,,,,"妇科"
"003312020030000","阴囊成形术","","","","","男性","","",,,,,,"泌尿"
"003312040090000","阴茎阴囊全切术","","","","","男性","","",,,,,,"泌尿"
"003313030270000","热球子宫内膜去除术","","","","","女性","","",,,,,,"妇科"
"003312030140000","显微镜下精索淋巴管静脉吻合术","","","","","男性","","",,,,,,"泌尿"
"003313050040000","外阴脓肿切开引流术","","","","","女性","","",,,,,,"妇科"
"003112010470100","输卵管绝育术(药物粘堵法)","","","","","女性","","",,,,,,"妇科"
"003112010630100","冷冻胚胎复苏(精液冷冻复苏)","","","","","女性","","",,,,,,"妇科"
"002504040060200","游离前列腺特异性抗原测定(FPSA)(化学发光法)","","","","","男性","","",,,,,,"化验"
"003313030060000","非孕期子宫内口矫正术","","","","","女性","","",,,,,,"妇科"
"003311040170000","尿道会阴造口术","","","","","女性","","",,,,,,"妇科"
"003316010040000","单纯乳房切除术","","","","","女性","","",,,1,,,"普外"
"003312020020000","阴囊脓肿引流术","","","","","男性","","",,,,,,"泌尿"
"003111000120000","阴茎海绵体灌流治疗术","","","","","男性","","",,,,,,"泌尿"
"003112010600000","体外受精早期胚胎辅助孵化","","","","","女性","","",,,,,,"妇科"
"003313020050000","输卵管移植术","","","","","女性","","",,,,,,"妇科"
"003312040150000","阴茎阴囊移位整形术","","","","","男性","","",,,,,,"泌尿"
"003111000060200","睾丸阴茎海绵体活检术(切开)","","","","","男性","","",,,,,,"泌尿"
"003314000070300","难产接生(胎头吸引)","","","","","女性","","",,,,,,"妇科"
"003312020020100","阴囊脓肿引流术(血肿清除引流)","","","","","男性","","",,,,,,"泌尿"
"003313020100100","输卵管介入治疗(输卵管积水穿刺)","","","","","女性","","",,,,,,"妇科"
"003112010830000","复发性流产主动免疫治疗","","","","","女性","","",,,,,,"妇科"
"003112010530001","人工流产术(畸形子宫)","","","","","女性","","",,,,,,"妇科"
"003311040250000","尿道下裂阴茎下弯矫治术","","","","","男性","","",,,,,,"泌尿"
"003112010620100","胚胎冷冻(精子冷冻)","","","","","女性","","",,,,,,"妇科"
"002503100370200","孕酮测定(各种免疫学方法)","","","","","女性","","",,,,,,"化验"
"003312040080000","阴茎全切术","","","","","男性","","",,,,,,"泌尿"
"002702000040000","脱落细胞学检查与诊断","","","","","女性","","",,,,,,"病理"
"003313020010100","输卵管结扎术(传统术式)","","","","","女性","","",,,,,,"妇科"
"002504040140000","肿瘤相关抗原测定","","","","","女性","","",,,,,,"化验"
"003316010070000","乳房再造术","","","","","女性","","",,,,,,"普外"
"003312030060000","精索静脉曲张高位结扎术","","","","","男性","","",,,1,,,"泌尿"
"002101030310000","子宫输卵管碘油造影","","","","","女性","","",,,1,,,"放射"
"002503100560300","甾体激素受体测定(孕激素)","","","","","女性","","",,,,,,"化验"
"002504040060100","游离前列腺特异性抗原测定(FPSA)(各种免疫学方法)","","","","","男性","","",,,,,,"化验"
"003111000150000","前列腺按摩","","","","","男性","","",,,,,,"泌尿"
"003313030190400","子宫整形术(双角子宫融合)","","","","","女性","","",,,,,,"妇科"
"003313010080000","卵巢输卵管切除术","","","","","女性","","",,,1,,,"妇科"
"003112010620000","胚胎冷冻","","","","","女性","","",,,,,,"妇科"
"003311030190000","膀胱阴道瘘修补术","","","","","女性","","",,,,,,"妇科"
"003112010770000","卵巢组织冷冻复苏","","","","","女性","","",,,,,,"妇科"
"003313050050000","外阴良性肿物切除术","","","","","女性","","",,,,,,"妇科"
"003313010060000","卵巢癌根治术","","","","","女性","","",,,,,,"妇科"
"003316010080000","乳腺癌根治+乳房再造术","","","","","女性","","",,,,,,"普外"
"333112011040000","胎儿镜下选择性胎盘血管激光凝固术","","","","","女性","","",,,,,,"一般诊疗"
"003112020070100","新生儿监护(单独心电监护)","","","","","","新生儿","",,,,,,"监测"
"003112020020000","新生儿测颅压","","","","","","新生儿","",,,,,,"一般诊疗"
"001204000070000","小儿头皮静脉输液","","","","","","小儿","",,1,,,,"护理"
"003112020070000","新生儿监护","","","","","","新生儿","",,,24,,,"一般诊疗"
"001201000080100","新生儿特殊护理(新生儿干预)","","","","","","新生儿","",,,,,,"护理"
"003112020040000","新生儿气管插管术","","","","","","新生儿","",,,,,,"一般诊疗"
"003104010250000","听力筛选试验","","","","","","小儿","",,1,,,,"眼科"
"003112020070300","新生儿监护(心电、呼吸、血压、氧饱和度监护)","","","","","","新生儿","",,,,,,"监测"
"003112020090000","新生儿兰光治疗","","","","","","新生儿","",,,24,,,"一般诊疗"
"003112020050000","新生儿人工呼吸(正压通气)","","","","","","新生儿","",,,,,,"一般诊疗"
"003112020100000","新生儿换血术","","","","","","新生儿","",,,,,,"一般诊疗"
"003112020080000","新生儿脐静脉穿刺和注射","","","","","","新生儿","",,,,,,"一般诊疗"
"001201000080400","新生儿特殊护理(呼吸道清理)","","","","","","新生儿","",,,,,,"护理"
"002701000020000","儿童及胎儿尸检病理诊断","","","","","","小儿","",,,,,,"病理"
"003112020150100","新生儿行为测定(神经反应测评)","","","","","","新生儿","",,,,,,"精神治疗"
"002204000030000","多普勒小儿血压检测","","","","","","小儿","",,1,,,,"B超"
"003112020150000","新生儿行为测定","","","","","","新生儿","",,,,,,"精神治疗"
"003112020030000","新生儿复苏","","","","","","新生儿","",,,,,,"一般诊疗"
"004500000100000","小儿捏脊治疗","","","","","","小儿","",,1,,,20,"中医治疗"
"001201000080200","新生儿特殊护理(抚触)","","","","","","新生儿","",,,,,,"护理"
"003104010270000","定向条件反射测定","","","","","","小儿","",,1,,,,"一般诊疗"
"001301000010000","婴幼儿健康体检","","","","","","小儿","",,,,,,"一般诊疗"
"002600000180000","红细胞系统血型抗体致新生儿溶血病检测","","","","","","新生儿","",,,,,,"化验"
"003112020060000","新生儿洗胃","","","","","","新生儿","",,,,,,"一般诊疗"
"332507009040000","新生儿疾病筛查26项检测","","","","","","新生儿","",,,,,,"化验"
"001102000000200","诊查费(儿童营养评估)","","","","","","小儿","",,,,,,"一般诊疗"
"001201000080500","新生儿特殊护理(药浴)","","","","","","新生儿","",,,,,,"护理"
"003103000560000","眼底检查","","","","","","小儿","",,,,,,"眼科"
"004500000130000","小儿斜颈推拿治疗","","","","","","小儿","",,,,,,"中医治疗"
"003112020120000","新生儿辐射抢救治疗","","","","","","新生儿","",,,24,,,"一般诊疗"
"001201000080000","新生儿特殊护理","","","","","","新生儿","",,,,,,"护理"
"001302000010000","儿童龋齿预防保健","","","","","","小儿","",,,,,,"一般诊疗"
"001201000070000","新生儿护理","","","","","","新生儿","",,1,,,,"护理"
"003111000010000","小儿包茎气囊导管扩张术","","","","","","小儿","",,,,,,"口腔"
"003115010012500","精神科A类量表测查(阿成贝切(Achenbach)儿童行为量表)","","","","","","小儿","",,,,,,"精神治疗"
"003112020130000","新生儿囟门穿刺术","","","","","","新生儿","",,,,,,"一般诊疗"
"001204000020100","小儿末梢采血","","","","","","小儿","",,,,,,"护理"
"001201000080600","新生儿特殊护理(油浴)","","","","","","新生儿","",,,,,,"护理"
"003307030150100","小儿鸡胸矫正术(胸骨抬举固定)","","","","","","小儿","",,,,,,"一般诊疗"
"003103000020000","特殊视力检查","","","","","","小儿","",,1,,,,"眼科"
"003306090140000","套筒冠设计安装","","","","","","小儿","",,,,,,"一般诊疗"
"003307030150300","小儿鸡胸矫正术(小儿漏斗胸矫正术)","","","","","","小儿","",,,,,,"一般诊疗"
"001201000080300","新生儿特殊护理(肛管排气)","","","","","","新生儿","",,,,,,"护理"
"002502020390000","新生儿溶血症筛查","","","","","","新生儿","",,,,,,"化验"
"003112020110000","新生儿经皮胆红素测定","","","","","","新生儿","",,,,,,"一般诊疗"
"003307030150200","小儿鸡胸矫正术(胸骨翻转缝合松解粘连带)","","","","","","小儿","",,,,,,"一般诊疗"
"003105120040100","儿童前牙树脂冠修复(树脂冠修复前牙大面积牙体缺损(外伤及龋患))","","","","","","小儿","",,,,,,"口腔"
"003310030050000","小儿原发性肠套叠手术复位","","","","","","小儿","",,,,,,"一般诊疗"
"003307030150000","小儿鸡胸矫正术","","","","","","小儿","",,,,,,"一般诊疗"
"003112020010000","新生儿暖箱","","","","","","新生儿","",,1,,,,"一般诊疗"
"333000000000000","新生儿出生记录","","","","","","新生儿","",,,,,,"一般诊疗"
"003115010012100","精神科A类量表测查(小学生推理能力测定)","","","","","","小儿","",,,,,,"精神治疗"
"003112020140000","新生儿量表检查","","","","","","新生儿","",,,,,,"精神治疗"
"003105120040000","儿童前牙树脂冠修复","","","","","","小儿","",,,,,,"口腔"
"003103000020100","特殊视力检查(儿童图形视力表)","","","","","","小儿","",,,,,,"眼科"
"003112020070200","新生儿监护(心电、呼吸、血压监护)","","","","","","新生儿","",,,,,,"监测"
"332507009030000","新生儿疾病筛查2项检测","","","","","","新生儿","",,,,,,"化验"
"003302010600500","立体定向脑深部核团毁损术(细胞刀治疗)","","","","","","","(帕金森|舞蹈病|扭转痉挛|癫痫)",,,,,,"一般诊疗"
"002302000240000","局部淋巴显象","","","","","","","(淋巴管漏)",,1,,,,"放射"
"003106010060000","强迫振荡肺功能检查","","","","","","","(阻塞性肺|气道阻塞)",,,,,,"一般诊疗"
"003202000070000","经皮动脉栓塞术","","","","","","","(畸形|肿瘤)",,,,,,"介入治疗"
"003315040080000","股骨头坏死病灶刮除植骨术","","","","","","","(股骨头坏死)",,,,,,"骨科"
"003401000100300","中频脉冲电治疗(动态干扰电治疗)","","","","","","","(面瘫)",,1,2,,20,"物理治疗"
"003110000140000","肾盂测压","","","","","","","(尿路梗阻)",,,1,,,"泌尿"
"004400000060000","游走罐","","","","","","","(损伤|挫伤)",,,,,20,"中医治疗"
"003106020050000","持续呼吸功能检测","","","","","","","(呼吸衰竭)",,,24,,,"监测"
"003202000090000","经皮动脉内球囊扩张术","","","","","","","(狭窄)",,,,,,"介入治疗"
"003114000160000","红光治疗","","","","","","","(疖|皮肤溃疡|带状疱疹|神经痛)",,,,,,"物理治疗"
"003316030390100","手烧伤扩创胸皮瓣修复术(腹皮瓣修复术)","","","","","","","(烧伤)",,,,,,"骨科"
"003202000010200","经股动脉置管腹主动脉带簿网支架置入术(假性动脉瘤)","","","","","","","(主动脉瘤|动静脉瘘)",,,,,,"介入治疗"
"003401000100000","中频脉冲电治疗","","","","","","","(面瘫)",,1,2,,20,"物理治疗"
"003401000100100","中频脉冲电治疗(音频电治疗)","","","","","","","(面瘫)",,1,2,,20,"物理治疗"
"003110000100000","血液灌流","","","","","","","(中毒)",3,,,,,"透析"
"002306000010000","131碘-甲亢治疗","","","","","","","(甲状腺功能亢进|甲亢|突眼)",,,,,,"放射"
"003316030220100","切(削)痂自体微粒皮移植术(自体皮浆移植)","","","","","","","(烧伤)",,,10,,,"骨科"
"003205000090000","经皮主动脉气囊反搏动术(IABP)","","","","","","","(心源性休克)",,,24,,,"介入治疗"
"003110000230000","经输尿管镜肿瘤切除术","","","","","","","(肿瘤|息肉)",,,,,,"泌尿"
"003316030220000","切(削)痂自体微粒皮移植术","","","","","","","(烧伤)",,,10,,,"骨科"
"003315030140000","灭活再植或异体半关节移植术","","","","","","","(半髁)",,,,,,"骨科"
"003110000060000","血液透析","","","","","","","(肾功能衰竭|尿毒症|多器官衰竭|中毒)",,,,,,"透析"
"004500000080600","内科妇科疾病推拿治疗(失眠)","","","","","","","(失眠|便秘|腹泻)",10,,,,20,"中医治疗"
"002303000040000","肾上腺髓质断层显象","","","","","","","(嗜铬细胞)",,,,,,"放射"
"003114000040000","皮肤直接免疫荧光检查","","","","","","","(红斑狼疮|皮肌炎|硬皮病)",,,,,,"一般诊疗"
"003316030370000","手背切削痂植皮术","","","","","","","(烧伤)",,,2,,,"骨科"
"002504040170000","恶性肿瘤特异生长因子(TSGF)测定","","","","","","","(放疗|化疗)",,,,,,"化验"
"003106060010000","经内镜胸部肿瘤特殊治疗","","","","","","","(肿瘤|癌)",,,,,,"一般诊疗"
"002403000120000","全身X线照射","","","","","","","(骨髓移植|骨转移|淋巴瘤)",1,,,,,"放射"
"003106010050000","残气容积测定","","","","","","","(阻塞性肺|气道阻塞)",,,,,,"一般诊疗"
"002403000080000","伽马刀治疗","","","","","","","(瘤|癌)",1,,,33000,,"放射"
"004200000080000","关节错缝术","","","","","","","(关节错位)",,,,,,"中医治疗"
"003106040020000","睡眠呼吸监测过筛试验","","","","","","","(呼吸窘迫)",,,,,,"一般诊疗"
"003310050100000","开腹恶性肿瘤特殊治疗","","","","","","","(肿瘤|癌)",,,,,,"普外"
"003108000220000","自体骨髓或外周血干细胞支持治疗","","","","","","","(化疗|骨髓抑制)",,,,,,"一般诊疗"
"003202000010100","经股动脉置管腹主动脉带簿网支架置入术(腹主动脉瘤)","","","","","","","(动脉瘤|动静脉瘘)",,,,,,"介入治疗"
"003316030360000","全手切削痂植皮术","","","","","","","(烧伤)",,,2,,,"骨科"
"002302000580000","亲肿瘤局部显象","","","","","","","(瘤|癌)",,1,,,,"放射"
"003112010200200","妇科特殊治疗(微波)","","","","","","","(宫颈炎|赘生物)",,1,,,,"妇科"
"003401000080100","直流电治疗(单纯直流电治疗)","","","","","","","(肌肉瘫痪|偏瘫)",,1,2,,20,"物理治疗"
"002306000050000","32磷-胶体腔内治疗","","","","","","","(胶质瘤)",,,,,,"放射"
"003315010470200","强直性脊柱炎多椎截骨矫正术(先天性脊柱畸形截骨矫正术)","","","","","","","(强直性脊柱炎)",,,,,,"骨科"
"003108000200200","骨髓移植术(自体基因)","","","","","","","(肿瘤|再生障碍性贫血)",,,,,,"一般诊疗"
"003108000230200","脐血移植术(自体基因)","","","","","","","(肿瘤|再生障碍性贫血)",,,,,,"一般诊疗"
"002403000130000","全身电子线照射","","","","","","","(淋巴瘤)",1,,,,,"放射"
"003106070020000","单人舱治疗","","","","","","","(缺氧性|脑外伤|突发性耳聋|放射性脑病|气体中毒|潜水病)",,,,,,"一般诊疗"
"003308010090000","主动脉瓣置换术","","","","","","","(主动脉瓣)",,,,,,"心胸"
"003110000030000","腹膜透析换液","","","","","","","(肾功能衰竭|尿毒症|多器官衰竭|中毒)",,1,,,,"透析"
"002504050030000","食入物变应原筛查","","","","","","","(过敏性|荨麻疹|湿疹样)",,1,,,,"化验"
"003106040010000","睡眠呼吸监测","","","","","","","(呼吸窘迫)",,1,,,,"监测"
"003401000090000","低频脉冲治疗","","","","","","","(颈|肩|腰)",,1,2,,20,"物理治疗"
"002306000090000","89锶-骨转移瘤治疗","","","","","","","(转移瘤)",2,,,,,"放射"
"002507000030000","血高分辨染色体检查","","","","","","","(肿瘤|癌)",,,,,,"化验"
"002407000010000","深部热疗","","","","","","","(肺癌|胃癌|肠癌|肝癌|转移)",1,,,,,"放射"
"003302010600000","立体定向脑深部核团毁损术","","","","","","","(帕金森|舞蹈病|扭转痉挛|癫痫)",,,,,,"一般诊疗"
"003106070010000","高压氧舱治疗","","","","","","","(缺氧性|脑外伤|突发性耳聋|放射性脑病|气体中毒|潜水病)",,,,,,"一般诊疗"
"002302000340001","消化道出血显像(1小时后延迟显像加收)","","","","","","","(消化道出血)",,,,,,"放射"
"003104030160000","咽部特殊治疗","","","","","","","(鼻衄|血管瘤|粘连|孔闭锁)",,,,,,"耳鼻喉"
"002302000080000","甲状腺有效半衰期测定","","","","","","","(甲状腺机能亢进|甲状腺机能减退)",,,,,,"放射"
"003107010210000","动态血压监测","","","","","","","(高血压)",,1,,,,"监测"
"002302000260000","肺通气显象","","","","","","","(肺梗塞)",,1,,,,"放射"
"002503100240000","尿儿茶酚胺测定","","","","","","","(嗜咯细胞瘤)",,,,,,"化验"
"003108000080000","血浆置换术","","","","","","","(红斑狼疮|贫血|尿毒症|血小板减少性紫癜|重症肌无力|神经根神经炎|移植|排异|多器官衰竭|中毒)",7,,,,,"一般诊疗"
"003103000800000","视网膜激光光凝术","","","","","","","(视网膜干性裂孔|视网膜病变)",,,,,,"眼科"
"002302000250000","肺灌注显象","","","","","","","(肺梗塞)",,1,,,,"放射"
"004300000140000","针刺运动疗法","","","","","","","(中风|偏瘫|落枕|腰扭伤)",,,,,20,"中医治疗"
"003110000080000","血液透析滤过","","","","","","","(肾功能衰竭|尿毒症|多器官衰竭|中毒)",7,,,,,"透析"
"002306000030000","131碘-甲状腺癌转移灶治疗","","","","","","","(甲状腺癌)",,,,,,"放射"
"002302000270000","唾液腺静态显象","","","","","","","(干燥综合征)",,,,,,"放射"
"004500000060100","腰椎间盘突出推拿治疗(腰部疾病)","","","","","","","(椎间盘突出)",,1,,,20,"中医治疗"
"003401000080400","直流电治疗(电化学疗法)","","","","","","","(肌肉瘫痪|偏瘫)",,1,2,,20,"物理治疗"
"004700000110000","中药直肠滴入治疗","","","","","","","(结肠炎|直肠炎|盆腔炎)",,,,,20,"中医治疗"
"003401000230200","牵引(颈椎电动牵引)","","","","","","","(颈|腰)",,1,,,20,"物理治疗"
"003114000360200","氦氖(He-Ne)激光照射治疗(疖肿)","","","","","","","(疖|皮肤溃疡|带状疱疹|神经痛)",,1,,,,"物理治疗"
"002403000110000","全身60钴照射","","","","","","","(骨髓移植|骨转移|淋巴瘤)",1,,,,,"放射"
"002504050040000","特殊变应原(多价变应原)筛查","","","","","","","(过敏性|荨麻疹|湿疹样)",,1,,,,"化验"
"003114000360100","氦氖(He-Ne)激光照射治疗(过敏性疾患)","","","","","","","(疖|溃疡|带状疱疹)",,1,,,,"物理治疗"
"003108000230100","脐血移植术(异体基因)","","","","","","","(肿瘤|再生障碍性贫血)",,,,,,"一般诊疗"
"003310050100000","开腹恶性肿瘤特殊治疗","","","","","","","(瘤|癌)",,,,,,"普外"
"004500000080400","内科妇科疾病推拿治疗(腹泻)","","","","","","","(失眠|便秘|腹泻)",10,,,,20,"中医治疗"
"003202000010000","经股动脉置管腹主动脉带簿网支架置入术","","","","","","","(主动脉瘤|动静脉瘘)",,,,,,"介入治疗"
"002303000030000","18氟－脱氧葡萄糖断层显象","","","","","","","(瘤|癌)",,,,,,"放射"
"004100000020000","中药化腐清创术","","","","","","","(脓肿|溃疡)",,,,,20,"中医治疗"
"003114000170000","白癜风皮肤移植术","","","","","","","(白癜风)",,,,,,"物理治疗"
"003316030270000","异体皮移植术","","","","","","","(烧伤)",,,10,,,"骨科"
"002302000340000","消化道出血显象","","","","","","","(消化道出血)",,,,,,"放射"
"002302000370000","肝血池显象","","","","","","","(狭窄|闭塞|扩张)",,1,,,,"放射"
"003112010200400","妇科特殊治疗(冷冻)","","","","","","","(宫颈炎|赘生物)",,1,,,,"妇科"
"002302000280000","唾液腺动态显象","","","","","","","(干燥综合征)",,,,,,"放射"
"003112010200000","妇科特殊治疗","","","","","","","(宫颈炎|赘生物)",,1,,,,"妇科"
"002507000050000","脐血染色体检查","","","","","","","(肿瘤|癌)",,,,,,"化验"
"003110000050000","腹膜平衡试验","","","","","","","(肾功能衰竭|尿毒症|多器官衰竭|中毒)",10,1,,,,"透析"
"003110000010000","腹膜透析置管术","","","","","","","(肾功能衰竭|尿毒症|多器官衰竭|中毒)",,,,,,"透析"
"003306040280000","睡眠呼吸暂停综合症射频温控消融治疗术","","","","","","","(呼吸窘迫综合征)",,,,,,"一般诊疗"
"003110000110200","连续性血液净化(机器法)","","","","","","","(肾功能衰竭|尿毒症|多器官衰竭|中毒)",14,,,,,"透析"
"002507000140000","培养细胞的染色体分析","","","","","","","(肿瘤|癌)",,,,,,"化验"
"003109050230000","人工肝治疗","","","","","","","(肝衰竭)",4,,,,,"透析"
"003201000060000","经皮静脉内球囊扩张+支架置入术","","","","","","","(肾静脉胡桃夹症|布加氏综合症)",,,,,,"介入治疗"
"003205000160000","肥厚型心肌病化学消融术","","","","","","","(心肌病)",,,,,,"介入治疗"
"003106050080000","经纤支镜特殊治疗","","","","","","","(肿瘤|溃疡|瘘管)",,,,,,"一般诊疗"
"003401000100500","中频脉冲电治疗(调制中频电治疗)","","","","","","","(面瘫)",,1,2,,20,"物理治疗"
"003401000090500","低频脉冲治疗(功能性电刺激治疗)","","","","","","","(颈|肩|腰)",,1,2,,20,"物理治疗"
"003104010300000","真耳分析","","","","","","","(耳聋|听力障碍)",2,,,,,"耳鼻喉"
"003316030480000","烧伤瘢痕切除松解植皮术","","","","","","","(烧伤|瘢疤)",,,,,,"骨科"
"003401000080200","直流电治疗(直流电药物离子导入治疗)","","","","","","","(肌肉瘫痪|偏瘫)",,1,2,,20,"物理治疗"
"004700000050000","小针刀治疗","","","","","","","(损伤|挫伤)",,,3,,20,"中医治疗"
"003401000090200","低频脉冲治疗(神经肌肉电刺激治疗)","","","","","","","(颈|肩|腰)",,1,2,,20,"物理治疗"
"003401000100600","中频脉冲电治疗(电脑中频电治疗)","","","","","","","(面瘫)",,1,2,,20,"物理治疗"
"002403000150000","适型调强放射治疗(IMRT)","","","","","","","(瘤|癌)",,,,20000,,"放射"
"003401000090300","低频脉冲治疗(间动电疗)","","","","","","","(颈|肩|腰)",,1,2,,20,"物理治疗"
"003401000100400","中频脉冲电治疗(立体动态干扰电治疗)","","","","","","","(面瘫)",,1,2,,20,"物理治疗"
"003106010100000","支气管激发试验","","","","","","","(哮喘)",,,,,,"一般诊疗"
"003112010200100","妇科特殊治疗(激光)","","","","","","","(宫颈炎|赘生物)",,1,,,,"妇科"
"003108000210100","外周血干细胞移植术(异体基因)","","","","","","","(肿瘤|再生障碍性贫血)",,,,,,"一般诊疗"
"002302000230000","下肢深静脉显象","","","","","","","(血栓|栓塞)",,,,,,"放射"
"003401000090600","低频脉冲治疗(温热电脉冲治疗)","","","","","","","(颈|肩|腰)",,1,2,,20,"物理治疗"
"002507000120000","脱氧核糖核酸(DNA)倍体分析","","","","","","","(肿瘤|癌)",,,,,,"化验"
"003110000010100","腹膜透析管(拔管术)","","","","","","","(肾功能衰竭|尿毒症|多器官衰竭|中毒)",,,,,,"透析"
"003401000100300","中频脉冲电治疗(动态干扰电治疗)","","","","","","","(烧伤)",,1,2,,20,"物理治疗"
"003104020150000","鼻窦冲洗","","","","","","","(鼻窦炎)",,,,,,"耳鼻喉"
"003110000350000","经膀胱镜尿道镜特殊治疗","","","","","","","(出血)",,,,,,"泌尿"
"002403000060000","直线加速器适型治疗","","","","","","","(肿瘤|癌)",1,,,,,"放射"
"003106060010200","经内镜胸部肿瘤特殊治疗(电凝)","","","","","","","(肿瘤|癌)",,,,,,"一般诊疗"
"003110000070000","血液滤过","","","","","","","(肾功能衰竭|尿毒症|多器官衰竭|中毒)",,,,,,"透析"
"003316030210000","异体皮打洞嵌植自体皮术","","","","","","","(烧伤)",,,10,,,"骨科"
"003315010470400","强直性脊柱炎多椎截骨矫正术(TB性脊柱畸形截骨矫正术)","","","","","","","(强直性脊柱炎)",,,,,,"骨科"
"002407000020100","高强度超声聚焦刀治疗(各种实体性恶性肿瘤治疗)","","","","","","","(肿瘤|癌)",1,,,,,"放射"
"003401000230000","牵引","","","","","","","(颈|腰)",,1,,,20,"物理治疗"
"003401000090400","低频脉冲治疗(经皮神经电刺激治疗)","","","","","","","(颈|肩|腰)",,1,2,,20,"物理治疗"
"003401000240200","气压治疗(肢体正压治疗)","","","","","","","(肩手综合征|水肿|血栓)",,1,2,,20,"物理治疗"
"003401000110000","共鸣火花治疗","","","","","","","(颈|肩|腰)",,,,,20,"物理治疗"
"003202000100000","经皮动脉支架置入术","","","","","","","(狭窄)",,,,,,"介入治疗"
"003401000090100","低频脉冲治疗(感应电治疗)","","","","","","","(颈|肩|腰)",,1,2,,20,"物理治疗"
"003104030160000","咽部特殊治疗","","","","","","","(血管瘤|乳头状瘤)",,,,,,"耳鼻喉"
"004700000080000","药线引流治疗","","","","","","","(脓肿|瘘管|窦道)",,,,,20,"中医治疗"
"002507000010000","外周血细胞染色体检查","","","","","","","(肿瘤|癌)",,,,,,"化验"
"003401000080300","直流电治疗(直流电水浴治疗、(单、双、四槽浴))","","","","","","","(肌肉瘫痪|偏瘫)",,1,2,,20,"物理治疗"
"003108000200100","骨髓移植术(异体基因)","","","","","","","(肿瘤|再生障碍性贫血)",,,,,,"一般诊疗"
"003114000150000","黑光治疗(PUVA治疗)","","","","","","","(银屑病|过敏性皮肤病|色素性皮肤病)",,1,,,,"物理治疗"
"003401000230100","牵引(颈椎土法牵引)","","","","","","","(颈|腰)",,1,,,20,"物理治疗"
"003316040010000","瘢痕畸形矫正术","","","","","","","(烧伤|瘢疤)",,,,,,"骨科"
"003401000090700","低频脉冲治疗(微机功能性电刺激治疗)","","","","","","","(颈|肩|腰)",,1,2,,20,"物理治疗"
"003401000090800","低频脉冲治疗(银棘状刺激疗法(SSP))","","","","","","","(颈|肩|腰)",,1,2,,20,"物理治疗"
"003103000430000","角膜知觉检查","","","","","","","(角膜病)",,1,,,,"眼科"
"002504050020000","吸入物变应原筛查","","","","","","","(过敏性|荨麻疹|湿疹样)",,1,,,,"化验"
"003401000100200","中频脉冲电治疗(干扰电治疗)","","","","","","","(面瘫)",,1,2,,20,"物理治疗"
"003114000010000","变应原皮内试验","","","","","","","(荨麻疹|湿疹|皮炎)",,,,,,"一般诊疗"
"004500000030100","肩周炎推拿治疗(肩周疾病)","","","","","","","(肩周炎)",,1,,,20,"中医治疗"
"003316030250000","烧伤肉芽创面扩创植皮术","","","","","","","(烧伤)",,,10,,,"骨科"
"003316030390000","手烧伤扩创胸皮瓣修复术","","","","","","","(烧伤)",,,,,,"骨科"
"004500000080300","内科妇科疾病推拿治疗(便秘)","","","","","","","(失眠|便秘|腹泻)",10,,,,20,"中医治疗"
"002304000070000","肿瘤全身断层显象","","","","","","","(瘤|癌)",,,,,,"放射"
"003108000190000","配型不合异基因骨髓移植T细胞去除术","","","","","","","(肿瘤|再生障碍性贫血)",,,,,,"一般诊疗"
"003108000050001","血细胞分离单采(每增加循环量1000ml加收)","","","","","","","(骨髓瘤|白血病|红细胞增多症|血小板增多症)",,,,,,"一般诊疗"
"003114000480000","烧伤大型远红外线治疗机治疗","","","","","","","(烧伤)",,,,,,"物理治疗"
"004300000210000","放血疗法","","","","","","","(发烧|麦粒肿|腰扭伤|扁桃体炎|结膜炎)",,,20,,20,"中医治疗"
"003114000360300","氦氖(He-Ne)激光照射治疗(血管内照射)","","","","","","","(疖|皮肤溃疡|带状疱疹|神经痛)",,1,,,,"物理治疗"
"003103000970000","肉毒杆菌素眼外肌注射","","","","","","","(眼睑痉挛|麻痹性斜视|上睑后退)",,,,,,"眼科"
"002503100250000","尿香草苦杏仁酸(VMA)测定","","","","","","","(嗜咯细胞瘤)",,,,,,"化验"
"003104020250000","鼻部特殊治疗","","","","","","","(鼻衄|血管瘤|粘连|孔闭锁)",,1,,,,"耳鼻喉"
"003108000210200","外周血干细胞移植术(自体基因)","","","","","","","(肿瘤|再生障碍性贫血)",,,,,,"一般诊疗"
"003106060010100","经内镜胸部肿瘤特殊治疗(激光)","","","","","","","(肿瘤|癌)",,,,,,"一般诊疗"
"003316030380000","手烧伤扩创交臂皮瓣修复术","","","","","","","(烧伤)",,,,,,"骨科"
"002302000110000","甲状旁腺显象","","","","","","","(甲状旁腺腺瘤)",,,,,,"放射"
"004300000070000","头皮针","","","","","","","(中风)",,,,,20,"中医治疗"
"002302000180000","平衡法负荷门控心室显象","","","","","","","(功能不全|衰竭)",,1,,,,"放射"
"003112010200300","妇科特殊治疗(电熨)","","","","","","","(宫颈炎|赘生物)",,1,,,,"妇科"
"003110000040000","腹膜透析换管","","","","","","","(肾功能衰竭|尿毒症|多器官衰竭|中毒)",,,,,,"透析"
"003316030350000","手部扩创延期植皮术","","","","","","","(烧伤)",,,2,,,"骨科"
"003401000240100","气压治疗(肢体气压治疗)","","","","","","","(肩手综合征|水肿|血栓)",,1,2,,20,"物理治疗"
"003114000320000","脉冲激光治疗","","","","","","","(疖|溃疡|带状疱疹)",,1,,,,"物理治疗"
"002402000030100","专用X线机复杂模拟定位(CT模拟机定位)","","","","","","","",1,,,,,"放射"
"002402000020000","专用X线机模拟定位","","","","","","","",1,,,,,"放射"
"00250309003","叶酸测定","","","","","","","",1,,,,,"化验"
"002402000030000","专用X线机复杂模拟定位","","","","","","","",1,,,,,"放射"
"002402000010300","简易定位(CT简易模拟定位)","","","","","","","",1,,,,,"放射"
"002402000010200","简易定位(B超简易模拟定位)","","","","","","","",1,,,,,"放射"
"002403000070000","X刀治疗","","","","","","","",1,,,,,"放射"
"00250403053","梅毒螺旋体特异抗体测定","","","","","","","",1,,,,,"化验"
"003104010500000","耳石复位治疗","","","","","","","",24,,,,,"耳鼻喉"
"003104020040000","鼻内镜手术后检查处理","","","","","","","",3,,,,,"耳鼻喉"
"00250404005","总前列腺特异性抗原测定","","","","","","","",1,,,,,"化验"
"00230200055","骨密度测定","","","","","","","",1,,,,,"放射"
"002401000030000","计算机治疗计划系统(TPS)","","","","","","","",1,,,,,"放射"
"00340200016","记忆广度检查","","","","","","","",3,,,,,"康复治疗"
"002402000010000","简易定位","","","","","","","",1,,,,,"放射"
"002401000050000","放射治疗的适时监控","","","","","","","",1,,,,,"放射"
"003104010280000","助听器选配试验","","","","","","","",2,,,,,"耳鼻喉"
"00340200019","人体残伤测定","","","","","","","",1,,,,,"康复治疗"
"002401000020000","人工制定治疗计划(复杂)","","","","","","","",1,,,,,"放射"
"00311502004","首诊精神病检查","","","","","","","",1,,,,,"精神治疗"
"002401000010000","人工制定治疗计划(简单)","","","","","","","",1,,,,,"放射"
"002402000010100","简易定位(X线机简易模拟定位)","","","","","","","",1,,,,,"放射"
"00250404002","甲胎蛋白测定","","","","","","","",1,,,,,"化验"
"002401000040000","特定计算机治疗计划系统","","","","","","","",1,,,,,"放射"
"00250403014","丙型肝炎抗体测定","","","","","","","",1,,,,,"化验"
