"主项编码","主项名称","过度周期","过度限制","领域标识"
"002305000080001","肾图(无计算机设备减收)","每周","1","检查"
"002305000090002","介入肾图(无计算机设备减收)","每周","1","检查"
"002206000090100","负荷超声心动图(药物注射)","每周","1","检查"
"002206000090200","负荷超声心动图(运动试验)","每周","1","检查"
"003103000650000","视网膜电流图(ERG)","每周","1","一般诊疗"
"003103000660000","视网膜地形图","每周","1","一般诊疗"
"003103000650000","视网膜电流图(ERG)","每周","1","一般诊疗"
"003107010010000","常规心电图检查","每周","1","心电"
"003107010020000","食管内心电图","每周","1","心电"
"003104010140000","耳蜗电图","每周","1","一般诊疗"
"003101000080000","神经电图","每周","1","一般诊疗"
"003103000400000","角膜地形图检查","每周","1","一般诊疗"
"003105040030100","面神经肌电图检查(额)","每周","1","肌电"
"003105040030200","面神经肌电图检查(眼)","每周","1","肌电"
"003105040030300","面神经肌电图检查(上唇)","每周","1","肌电"
"003105040030400","面神经肌电图检查(下唇)","每周","1","肌电"
"003101000010000","脑电图","每周","1","脑电"
"003101000020000","特殊脑电图","每周","1","脑电"
"003101000020100","特殊脑电图(特殊电极(鼻咽或蝶骨或皮层等))","每周","1","脑电"
"003101000020200","特殊脑电图(特殊诱发)","每周","1","脑电"
"003101000030000","脑地形图","每周","1","脑电"
"003107010100000","心电图踏车负荷试验","每周","1","一般诊疗"
"003107010100100","心电图踏车负荷试验(二阶梯)","每周","1","一般诊疗"
"003107010100200","心电图踏车负荷试验(平板运动试验)","每周","1","一般诊疗"
"003107010110000","心电图药物负荷试验","每周","1","一般诊疗"
"003107010120000","心电向量图","每周","1","一般诊疗"
"003107010130000","心音图","每周","1","一般诊疗"
"003109020010000","胃肠电图","每周","1","一般诊疗"
"003103000670000","眼电图(EOG)","每周","1","一般诊疗"
"003103000670000","眼电图(EOG)","每周","1","一般诊疗"
"003101000240000","单纤维肌电图","每周","1","肌电"
"003101000230000","肌电图","每周","1","肌电"
"003101000230100","肌电图(眼肌电图)","每周","1","肌电"
"003115010031300","精神科C类量表测查(艾森克个性测验)","每月","1","精神治疗"
"003115010031500","精神科C类量表测查(十六种人格问卷)","每月","1","精神治疗"
"003115010031900","精神科C类量表测查(韦氏智力测定(学前、学龄))","每月","1","精神治疗"
"003115010032000","精神科C类量表测查(儿童发育量表(PEP))","每月","1","精神治疗"
"003115010030000","精神科C类量表测查","每月","1","精神治疗"
"003115010030000","精神科C类量表测查","每月","1","精神治疗"
"003115010020700","精神科B类量表测查(社会功能缺陷筛选量表)","每月","1","精神治疗"
"003115010031200","精神科C类量表测查(明尼苏达多相个性测验)","每月","1","精神治疗"
"002504030420000","细菌抗体测定","每月","1","化验"
"002504030440000","抗链球菌透明质酸酶试验","每月","1","化验"
"002504030450000","鼠疫血清学试验","每月","1","化验"
"002504030500000","肺炎支原体血清学试验","每月","1","化验"
"002504030510000","沙眼衣原体肺炎血清学试验","每月","1","化验"
"002504030520000","立克次体血清学试验","每月","1","化验"
"002504030530000","梅毒螺旋体特异抗体测定","每月","1","化验"
"002504030230000","单纯疱疹病毒抗体测定","每月","1","化验"
"002504030230000","单纯疱疹病毒抗体测定","每月","1","化验"
"002504030230000","单纯疱疹病毒抗体测定","每月","1","化验"
"002504030230000","单纯疱疹病毒抗体测定","每月","1","化验"
"002504030250100","EB病毒抗体测定(IgG)","每月","1","化验"
"002504030250200","EB病毒抗体测定(IgM)","每月","1","化验"
"002504030260000","呼吸道合胞病毒抗体测定","每月","1","化验"
"002504030830000","流感病毒抗体检测","每月","1","化验"
"002504030830000","流感病毒抗体检测","每月","1","化验"
"002504030310000","腺病毒抗体测定","每月","1","化验"
"002504030540000","快速血浆反应素试验(RPR)","每月","1","化验"
"002504030540000","快速血浆反应素试验(RPR)","每月","1","化验"
"002504030560000","钩端螺旋体病血清学试验","每月","1","化验"
"002504030580000","念珠菌病血清学试验","每月","1","化验"
"002504040010000","癌胚抗原测定(CEA)","每月","1","化验"
"002504040020000","甲胎蛋白测定(AFP)","每月","1","化验"
"002504040050000","总前列腺特异性抗原测定(TPSA)","每月","1","化验"
"002503100620000","性激素结合球蛋白(SHBG)测定","每月","1","化验"
"332504021230000","抗甲状腺过氧化物酶抗体测定","每月","1","化验"
"002504010380000","脂多糖结合蛋白测定","每月","1","化验"
"002504020180000","抗甲状腺微粒体抗体测定(TMAb)","每月","1","化验"
"002504020190000","抗肾小球基底膜抗体测定","每月","1","化验"
"002504020250000","抗硬皮病抗体测定","每月","1","化验"
"002504020260000","抗胰岛素抗体测定","每月","1","化验"
"002504020270000","抗胰岛素受体抗体测定","每月","1","化验"
"002504020280000","抗乙酰胆碱受体抗体测定","每月","1","化验"
"002504020290000","抗磷壁酸抗体测定","每月","1","化验"
"002504020300100","抗鞘磷脂抗体测定(IgA)","每月","1","化验"
"002504020300200","抗鞘磷脂抗体测定(IgG)","每月","1","化验"
"002504020300300","抗鞘磷脂抗体测定(IgM)","每月","1","化验"
"002504020310100","抗白蛋白抗体测定(IgA)","每月","1","化验"
"002504020310200","抗白蛋白抗体测定(IgG)","每月","1","化验"
"002504020310300","抗白蛋白抗体测定(IgM)","每月","1","化验"
"002504020330100","抗载脂蛋白抗体测定(A1抗体)","每月","1","化验"
"002504020330200","抗载脂蛋白抗体测定(B抗体)","每月","1","化验"
"002504020340000","抗内因子抗体测定","每月","1","化验"
"002504040060000","游离前列腺特异性抗原测定(FPSA)","每月","1","化验"
"002504040090000","神经元特异性烯醇化酶测定(NSE)","每月","1","化验"
"002504040100000","细胞角蛋白19片段测定(CYFRA21-1)","每月","1","化验"
"002504040110000","糖类抗原测定","每月","1","化验"
"002504040110000","糖类抗原测定","每月","1","化验"
"002504040110000","糖类抗原测定","每月","1","化验"
"002504040110000","糖类抗原测定","每月","1","化验"
"002504040110000","糖类抗原测定","每月","1","化验"
"002504040110000","糖类抗原测定","每月","1","化验"
"002504040110000","糖类抗原测定","每月","1","化验"
"002504040120000","鳞状细胞癌相关抗原测定(SCC)","每月","1","化验"
"002504040130000","肿瘤坏死因子测定(TNF)","每月","1","化验"
"002504040140000","肿瘤相关抗原测定","每月","1","化验"
"002504040140000","肿瘤相关抗原测定","每月","1","化验"
"002504040140000","肿瘤相关抗原测定","每月","1","化验"
"002504040140000","肿瘤相关抗原测定","每月","1","化验"
"002504040140000","肿瘤相关抗原测定","每月","1","化验"
"002504040150000","铁蛋白测定","每月","1","化验"
"002504040160000","显形胶质蛋白(AP)测定","每月","1","化验"
"002504040170000","恶性肿瘤特异生长因子(TSGF)测定","每月","1","化验"
"002504050010000","总IgE测定","每月","1","化验"
"002504050020000","吸入物变应原筛查","每月","1","化验"
"002504050030000","食入物变应原筛查","每月","1","化验"
"002504050040000","特殊变应原(多价变应原)筛查","每月","1","化验"
"002504050060000","嗜酸细胞阳离子蛋白(ECP)测定","每月","1","化验"
"002504050070000","循环免疫复合物(CIC)测定","每月","1","化验"
"002504030190000","人免疫缺陷病毒抗体测定(Anti-HIV)","每月","1","化验"
"002504030200000","弓形体抗体测定","每月","1","化验"
"002504030200000","弓形体抗体测定","每月","1","化验"
"002504030210000","风疹病毒抗体测定","每月","1","化验"
"002504030220100","巨细胞病毒抗体测定(IgG)","每月","1","化验"
"002504030220200","巨细胞病毒抗体测定(IgM)","每月","1","化验"
"002504010010000","T淋巴细胞转化试验","每月","1","化验"
"002504010030000","红细胞花环试验","每月","1","化验"
"002504010040000","细胞膜表面免疫球蛋白测定(SmIg)","每月","1","化验"
"002504010050000","中性粒细胞趋化功能试验","每月","1","化验"
"002504010070000","白细胞粘附抑制试验","每月","1","化验"
"002504010080000","白细胞杀菌功能试验","每月","1","化验"
"002504010090000","白细胞吞噬功能试验","每月","1","化验"
"002504010110000","自然杀伤淋巴细胞功能试验","每月","1","化验"
"002504010120000","抗体依赖性细胞毒性试验","每月","1","化验"
"002504010150000","溶菌酶测定","每月","1","化验"
"002504020360000","抗增殖细胞核抗原抗体(抗PCNA)测定","每月","1","化验"
"002504020370000","分泌型免疫球蛋白A测定","每月","1","化验"
"002504020380000","抗角蛋白抗体(AKA)测定","每月","1","化验"
"002504020400000","抗肝肾微粒体抗体(LKM)测定","每月","1","化验"
"002504030010100","甲型肝炎抗体测定(IgG)","每月","1","化验"
"002504030010200","甲型肝炎抗体测定(IgM)","每月","1","化验"
"002504030020000","甲型肝炎抗原测定(HAVAg)","每月","1","化验"
"002504030040000","乙型肝炎表面抗原测定(HBsAg)","每月","1","化验"
"002504030050000","乙型肝炎表面抗体测定(AntiHBs)","每月","1","化验"
"002504030060000","乙型肝炎e抗原测定(HBeAg)","每月","1","化验"
"002507000140000","培养细胞的染色体分析","每月","1","化验"
"002507000100000","唐氏综合症筛查","每月","1","化验"
"002507000120000","脱氧核糖核酸(DNA)倍体分析","每月","1","化验"
"002507000150000","苯丙氨酸测定(PKU)","每月","1","化验"
"002507000010000","外周血细胞染色体检查","每月","1","化验"
"002507000050000","脐血染色体检查","每月","1","化验"
"002507000140000","培养细胞的染色体分析","每月","1","化验"
"002504020040000","抗单链DNA测定","每月","1","化验"
"002504020050400","抗中性粒细胞胞浆抗体测定(CANCA)","每月","1","化验"
"002504020050100","抗中性粒细胞胞浆抗体测定(pANCA)","每月","1","化验"
"002504020050200","抗中性粒细胞胞浆抗体测定(PR3-ANCA)","每月","1","化验"
"002504020050300","抗中性粒细胞胞浆抗体测定(MPO-ANCA)","每月","1","化验"
"002504020060000","抗双链DNA测定(抗dsDNA)","每月","1","化验"
"002504020070000","抗线粒体抗体测定(AMA)","每月","1","化验"
"002504020440000","抗核小体抗体测定(AnuA)","每月","1","化验"
"002504020490000","抗组蛋白抗体(AHA)测定","每月","1","化验"
"002504020250000","抗硬皮病抗体测定","每月","1","化验"
"002504020080000","抗核骨架蛋白抗体测定(amin)","每月","1","化验"
"002504020090000","抗核糖体抗体测定","每月","1","化验"
"002504020100000","抗核糖核蛋白抗体测定","每月","1","化验"
"002504020110000","抗染色体抗体测定","每月","1","化验"
"002502030260000","活化凝血时间测定(ACT)","每周","1","化验"
"002502030270000","简易凝血活酶生成试验","每周","1","化验"
"002502030280000","血浆蝰蛇毒时间测定","每周","1","化验"
"002502030290000","血浆蝰蛇毒磷脂时间测定","每周","1","化验"
"002502030300000","血浆纤维蛋白原测定","每周","1","化验"
"002502030310000","血浆凝血因子活性测定","每周","1","化验"
"002502030310000","血浆凝血因子活性测定","每周","1","化验"
"002504020120300","抗血液细胞抗体测定(巨噬细胞抗体)","每月","1","化验"
"002504020120400","抗血液细胞抗体测定(血小板抗体)","每月","1","化验"
"002504020120100","抗血液细胞抗体测定(红细胞抗体)","每月","1","化验"
"002504020140100","名称改为抗组织细胞抗体测定(肝细胞抗体)","每月","1","化验"
"002504020140200","抗组织细胞抗体测定(胃壁细胞抗体)","每月","1","化验"
"002504020140300","抗组织细胞抗体测定(胰岛细胞抗体)","每月","1","化验"
"002504020140600","抗组织细胞抗体测定(平滑肌抗体)","每月","1","化验"
"002504020140500","抗组织细胞抗体测定(骨骼肌抗体)","每月","1","化验"
"002504020150000","抗心肌抗体测定(AHA)","每月","1","化验"
"002504020160200","抗心磷脂抗体测定(ACA)(IgM)","每月","1","化验"
"002504020160300","抗心磷脂抗体测定(ACA)(IgG)","每月","1","化验"
"002504020170000","抗甲状腺球蛋白抗体测定(TGAb)","每月","1","化验"
"002504010160000","抗淋巴细胞抗体试验","每月","1","化验"
"002504010170000","肥大细胞脱颗粒试验","每月","1","化验"
"002504010180000","B因子测定","每月","1","化验"
"002504010190000","总补体测定(CH50)","每月","1","化验"
"002504010200000","单项补体测定","每月","1","化验"
"002504010200000","单项补体测定","每月","1","化验"
"002504010200000","单项补体测定","每月","1","化验"
"002504010200000","单项补体测定","每月","1","化验"
"002504010200000","单项补体测定","每月","1","化验"
"002504010200000","单项补体测定","每月","1","化验"
"002504010200000","单项补体测定","每月","1","化验"
"002504010200000","单项补体测定","每月","1","化验"
"002504010200000","单项补体测定","每月","1","化验"
"002504010200000","单项补体测定","每月","1","化验"
"002504010200000","单项补体测定","每月","1","化验"
"002504010210000","补体1抑制因子测定","每月","1","化验"
"002504010220000","C3裂解产物测定(C3SP)","每月","1","化验"
"002504010230000","免疫球蛋白定量测定","每月","1","化验"
"002504010230000","免疫球蛋白定量测定","每月","1","化验"
"002504010230000","免疫球蛋白定量测定","每月","1","化验"
"002504010230000","免疫球蛋白定量测定","每月","1","化验"
"002504010230000","免疫球蛋白定量测定","每月","1","化验"
"002504010240000","冷球蛋白测定","每月","1","化验"
"002504010250000","C—反应蛋白测定(CRP)","每月","1","化验"
"002507000030000","血高分辨染色体检查","每月","1","化验"
"002504010260000","纤维结合蛋白测定(Fn)","每月","1","化验"
"002504010270000","轻链KAPPA、LAMBDA定量(K-LC，λ-LC)","每月","1","化验"
"002504010280000","铜蓝蛋白测定","每月","1","化验"
"002504010300000","活化淋巴细胞测定","每月","1","化验"
"002504010310000","血细胞簇分化抗原(CD)系列检测","每月","1","化验"
"002504020010000","系统性红斑狼疮因子试验(LEF)","每月","1","化验"
"002504020030000","抗核提取物抗体测定(抗ENA抗体)","每月","1","化验"
"002504020030000","抗核提取物抗体测定(抗ENA抗体)","每月","1","化验"
"002504020030000","抗核提取物抗体测定(抗ENA抗体)","每月","1","化验"
"002504020030000","抗核提取物抗体测定(抗ENA抗体)","每月","1","化验"
"002504020030000","抗核提取物抗体测定(抗ENA抗体)","每月","1","化验"
"002504020030000","抗核提取物抗体测定(抗ENA抗体)","每月","1","化验"
"002504030850000","新型冠状病毒核酸检测","每月","1","化验"
"002504030030000","乙型肝炎DNA测定","每月","1","化验"
"002504010020000","T淋巴细胞花环试验","每月","1","化验"
"002504010060000","硝基四氮唑蓝还原试验","每月","1","化验"
"002504010100000","巨噬细胞吞噬功能试验","每月","1","化验"
"002504040140000","肿瘤相关抗原测定","每月","1","化验"
"332504029010000","抗核抗体系列测定","每月","1","化验"
"332508000090000","乙肝三系检查","每月","1","化验"
"332504040390000","肿瘤标志物检测","每月","1","化验"
"002504020350000","类风湿因子(RF)测定","每月","1","化验"
"002504020390000","抗可溶性肝抗原/肝-胰抗原抗体(SLA/LP)测定","每月","1","化验"
"002504030120100","乙型肝炎病毒外膜蛋白前S2抗原测定(前S2抗体测定)","每月","1","化验"
"002504030150000","丁型肝炎抗体测定(Anti-HDV)","每月","1","化验"
"002504030180000","庚型肝炎IgG抗体测定(Anti-HGVIgG)","每月","1","化验"
"002504030210000","风疹病毒抗体测定","每月","1","化验"
"002504030280000","副流感病毒抗体测定","每月","1","化验"
"002504030350200","病毒血清学试验(柯萨奇病毒)","每月","1","化验"
"002504030350400","病毒血清学试验(流行性腮腺炎病毒)","每月","1","化验"
"002504030380000","肥达氏反应","每月","1","化验"
"002504030420000","细菌抗体测定","每月","1","化验"
"002504030430000","抗链球菌溶血素O测定(ASO)","每月","1","化验"
"002504020320000","抗补体抗体测定","每月","1","化验"
"002504040110000","糖类抗原测定","每月","1","化验"
"002504040110000","糖类抗原测定","每月","1","化验"
"002504030420000","细菌抗体测定","每月","1","化验"
"002504030420000","细菌抗体测定","每月","1","化验"
"002504030650000","各类病原体DNA测定","每月","1","化验"
"002504040140000","肿瘤相关抗原测定","每月","1","化验"
"002504040140000","肿瘤相关抗原测定","每月","1","化验"
"002502030740000","纤维蛋白肽A检测","每周","1","化验"
"002502030760000","低分子肝素测定(LMWH)","每周","1","化验"
"002502030770000","血浆激肽释放酶原测定","每周","1","化验"
"002505010040200","特殊细菌涂片检查(新型隐球菌)","每周","1","化验"
"002505010040400","特殊细菌涂片检查(白喉棒状杆菌)","每周","1","化验"
"002505010050000","麻风菌镜检","每周","1","化验"
"002505010080000","耐甲氧西林葡萄球菌检测(MRSA、MRS)","每周","1","化验"
"002505010090000","一般细菌培养及鉴定","每周","1","化验"
"002502020330000","血红蛋白S溶解度试验","每周","1","化验"
"002502020340000","直接抗人球蛋白试验(Coombs')","每周","1","化验"
"002502020340100","直接抗人球蛋白试验(Coombs')(IgG)","每周","1","化验"
"002502020340200","直接抗人球蛋白试验(Coombs')(IgA)","每周","1","化验"
"002502020340300","直接抗人球蛋白试验(Coombs')(IgM)","每周","1","化验"
"002502020350000","间接抗人球蛋白试验","每周","1","化验"
"002502020360000","红细胞电泳测定","每周","1","化验"
"002502020390000","新生儿溶血症筛查","每周","1","化验"
"002502020410000","红细胞游离原卟啉测定","每周","1","化验"
"002502030010000","血小板相关免疫球蛋白(PAIg)测定","每周","1","化验"
"002502030010000","血小板相关免疫球蛋白(PAIg)测定","每周","1","化验"
"002502030010000","血小板相关免疫球蛋白(PAIg)测定","每周","1","化验"
"002502030030000","抗血小板膜糖蛋白自身抗体测定","每周","1","化验"
"002502030030000","抗血小板膜糖蛋白自身抗体测定","每周","1","化验"
"002502030030000","抗血小板膜糖蛋白自身抗体测定","每周","1","化验"
"002502030050000","血小板膜α颗粒膜蛋白140测定(GMP－140)","每周","1","化验"
"002502020200000","红细胞谷胱甘肽(GSH)含量及其稳定性检测","每周","1","化验"
"002502020220000","还原型血红蛋白溶解度测定","每周","1","化验"
"002502020230000","热盐水试验","每周","1","化验"
"002502020240000","红细胞滚动试验","每周","1","化验"
"002502020250000","红细胞镰变试验","每周","1","化验"
"002502020250000","红细胞镰变试验","每周","1","化验"
"002502020270000","血红蛋白A2测定(HbA2)","每周","1","化验"
"002502020280000","抗碱血红蛋白测定(HbF)","每周","1","化验"
"002502020310000","不稳定血红蛋白测定","每周","1","化验"
"002502030510000","血浆蛋白C活性测定(PC)","每周","1","化验"
"002502030520000","血浆蛋白C抗原测定(PCAg)","每周","1","化验"
"002502030540000","血浆蛋白S测定(PS)","每周","1","化验"
"002502030550000","狼疮抗凝物质检测","每周","1","化验"
"002502030560000","血浆组织纤溶酶原活化物活性检测(t-PAA)","每周","1","化验"
"002502030580000","血浆组织纤溶酶原活化物抑制物活性检测","每周","1","化验"
"002502030590000","血浆组织纤溶酶原活化物抑制物抗原检测","每周","1","化验"
"002502030600000","血浆凝血酶调节蛋白抗原检测(TMAg)","每周","1","化验"
"002502030610000","血浆凝血酶调节蛋白活性检测(TMA)","每周","1","化验"
"002502030640000","血浆纤溶酶-抗纤溶酶复合物测定(PAP)","每周","1","化验"
"002502030650000","纤维蛋白(原)降解产物测定(FDP)","每周","1","化验"
"002502030660000","血浆D-二聚体测定(D-Dimer)","每周","1","化验"
"002505010100000","尿培养加菌落计数","每周","1","化验"
"002505010110000","血培养及鉴定","每周","1","化验"
"002505010110000","血培养及鉴定","每周","1","化验"
"002505010120000","厌氧菌培养及鉴定","每周","1","化验"
"002505010130000","结核菌培养","每周","1","化验"
"002505010150000","白喉棒状杆菌培养及鉴定","每周","1","化验"
"002505010160000","百日咳杆菌培养","每周","1","化验"
"002505010170000","嗜血杆菌培养","每周","1","化验"
"002505010180000","霍乱弧菌培养","每周","1","化验"
"002505010190000","副溶血弧菌培养","每周","1","化验"
"002505010200000","L型菌培养","每周","1","化验"
"002505010210000","空肠弯曲菌培养","每周","1","化验"
"002505010220000","幽门螺杆菌培养及鉴定","每周","1","化验"
"002505010230000","军团菌培养","每周","1","化验"
"002505010240000","O—157大肠埃希菌培养及鉴定","每周","1","化验"
"002505010250000","沙门菌、志贺菌培养及鉴定","每周","1","化验"
"002505010010000","一般细菌涂片检查","每周","1","化验"
"002505010020000","结核菌涂片检查","每周","1","化验"
"002505010040000","特殊细菌涂片检查","每周","1","化验"
"002502030090000","血浆内皮素测定(ET)","每周","1","化验"
"002502030100000","血小板粘附功能测定(PAdT)","每周","1","化验"
"002502030110000","血小板聚集功能测定(PAgT)","每周","1","化验"
"002502030130000","血小板第3因子有效性测定(PF3)","每周","1","化验"
"002502030140000","血小板第4因子测定(PF4)","每周","1","化验"
"002502030150000","血小板寿命测定","每周","1","化验"
"002502030160000","血小板钙流测定","每周","1","化验"
"002502030180000","血块收缩试验","每周","1","化验"
"002502030190000","血浆血栓烷B2测定(TXB2)","每周","1","化验"
"002502030200000","血浆凝血酶原时间测定(PT)","每周","1","化验"
"002502030210000","复钙时间测定及其纠正试验","每周","1","化验"
"002502030220000","凝血酶原时间纠正试验","每周","1","化验"
"002502030230000","凝血酶原消耗及纠正试验","每周","1","化验"
"002502030240000","白陶土部分凝血活酶时间测定(KPTT)","每周","1","化验"
"002502030250000","活化部分凝血活酶时间测定(APTT)","每周","1","化验"
"003115010010100","精神科A类量表测查(宗(Zung)氏焦虑自评量表)","每周","1","精神治疗"
"003115010010200","精神科A类量表测查(宗(Zung)氏抑郁自评量表)","每周","1","精神治疗"
"003115010010400","精神科A类量表测查(汉密尔顿抑郁量表)","每周","1","精神治疗"
"003115010010500","精神科A类量表测查(艾森贝格(Asberg)抗抑郁剂副反应量表)","每周","1","精神治疗"
"003115010010700","精神科A类量表测查(简明精神病评定量表(BPRS))","每周","1","精神治疗"
"003115010010900","精神科A类量表测查(临床总体印象量表(CGI))","每周","1","精神治疗"
"003115010011000","精神科A类量表测查(药物副作用量表)","每周","1","精神治疗"
"003115010012200","精神科A类量表测查(儿童内外控量表)","每周","1","精神治疗"
"003115010012300","精神科A类量表测查(儿童孤独行为检查量表)","每周","1","精神治疗"
"003115010012400","精神科A类量表测查(康奈氏(Conners)儿童行为量表)","每周","1","精神治疗"
"003115010012600","精神科A类量表测查(注意广度测定表)","每周","1","精神治疗"
"003115010012700","精神科A类量表测查(注意分配测定)","每周","1","精神治疗"
"003115010012800","精神科A类量表测查(短时记忆广度测定)","每周","1","精神治疗"
"003115010012900","精神科A类量表测查(瞬时记忆广度测定)","每周","1","精神治疗"
"003115010013000","精神科A类量表测查(检查空间位置记忆广度测定)","每周","1","精神治疗"
"003115010013100","精神科A类量表测查(再认能力测定感统量表)","每周","1","精神治疗"
"003115010013200","精神科A类量表测查(日常生活能力评定量表)","每周","1","精神治疗"
"003115010010000","精神科A类量表测查","每周","1","精神治疗"
"003115010010000","精神科A类量表测查","每周","1","精神治疗"
"003115010010000","精神科A类量表测查","每周","1","精神治疗"
"003115010010000","精神科A类量表测查","每周","1","精神治疗"
"003115010010000","精神科A类量表测查","每周","1","精神治疗"
"003115010010000","精神科A类量表测查","每周","1","精神治疗"
"003115010010000","精神科A类量表测查","每周","1","精神治疗"
"003115010020100","精神科B类量表测查(阳性和阴性精神症状评定(PANSS)量表)","每周","1","精神治疗"
"003115010020400","精神科B类量表测查(老年认知功能量表(SECC))","每周","1","精神治疗"
"003115010020500","精神科B类量表测查(强迫症状问卷)","每周","1","精神治疗"
"003115010020900","精神科B类量表测查(布雷德(Bleied)痴呆评定量表)","每周","1","精神治疗"
"003115010011200","精神科A类量表测查(迟发运动障碍评定量表)","每周","1","精神治疗"
"003115010011300","精神科A类量表测查(锥体外系副作用量表)","每周","1","精神治疗"
"003115010011600","精神科A类量表测查(常识注意测验)","每周","1","精神治疗"
"003115010011700","精神科A类量表测查(简明心理状况测验(MMSE))","每周","1","精神治疗"
"003115010011800","精神科A类量表测查(瞬时记忆测验)","每周","1","精神治疗"
"003115010011900","精神科A类量表测查(长谷川痴呆测验)","每周","1","精神治疗"
"003115010030000","精神科C类量表测查","每周","1","精神治疗"
"003115010030000","精神科C类量表测查","每周","1","精神治疗"
"003115010020000","精神科B类量表测查","每周","1","精神治疗"
"003115010020000","精神科B类量表测查","每周","1","精神治疗"
"003115010020000","精神科B类量表测查","每周","1","精神治疗"
"003115010020000","精神科B类量表测查","每周","1","精神治疗"
"003115010020000","精神科B类量表测查","每周","1","精神治疗"
"003115010030100","精神科C类量表测查(阳性症状评定量表(SAPS))","每周","1","精神治疗"
"003115010030200","精神科C类量表测查(阴性症状评定量表(SANS))","每周","1","精神治疗"
"003115010030400","精神科C类量表测查(现状精神病症状检查(PSE))","每周","1","精神治疗"
"003115010030500","精神科C类量表测查(症状自评量表)","每周","1","精神治疗"
"003115010030000","精神科C类量表测查","每周","1","精神治疗"
"003115010031400","精神科C类量表测查(卡特尔16项人格测验)","每周","1","精神治疗"
"003115010031700","精神科C类量表测查(808神经类型测验)","每周","1","精神治疗"
"003115010020000","精神科B类量表测查","每周","1","精神治疗"
"003115010021100","精神科B类量表测查(简明智能测查(SM能力测查))","每周","1","精神治疗"
"003115010021200","精神科B类量表测查(图片词汇测验)","每周","1","精神治疗"
"003115010010300","精神科A类量表测查(汉密尔顿焦虑量表)","每周","1","精神治疗"
"003115010010600","精神科A类量表测查(躁狂状态评定量表)","每周","1","精神治疗"
"003115010011100","精神科A类量表测查(不自主运动评定量表)","每周","1","精神治疗"
"003115010010000","精神科A类量表测查","每周","1","精神治疗"
"003115010010000","精神科A类量表测查","每周","1","精神治疗"
"003115010020200","精神科B类量表测查(慢性精神病标准化评定量表)","每周","1","精神治疗"
"003115010010000","精神科A类量表测查","每周","1","精神治疗"
"003115010010000","精神科A类量表测查","每周","1","精神治疗"
"003115010010000","精神科A类量表测查","每周","1","精神治疗"
"003115010010000","精神科A类量表测查","每周","1","精神治疗"
"003115010010800","精神科A类量表测查(五分量表)","每周","1","精神治疗"
"003115010012100","精神科A类量表测查(小学生推理能力测定)","每周","1","精神治疗"
"003115010012500","精神科A类量表测查(阿成贝切(Achenbach)儿童行为量表)","每周","1","精神治疗"
"003115010013300","精神科A类量表测查(智力成就责任问卷)","每周","1","精神治疗"
"003115010013600","精神科A类量表测查(绘人智力测定)","每周","1","精神治疗"
"003115010020000","精神科B类量表测查","每周","1","精神治疗"
"003115010020000","精神科B类量表测查","每周","1","精神治疗"
"003115010020000","精神科B类量表测查","每周","1","精神治疗"
"003115010020000","精神科B类量表测查","每周","1","精神治疗"
"003115010020000","精神科B类量表测查","每周","1","精神治疗"
"003115010020000","精神科B类量表测查","每周","1","精神治疗"
"003115010020000","精神科B类量表测查","每周","1","精神治疗"
"003115010020000","精神科B类量表测查","每周","1","精神治疗"
"003115010020000","精神科B类量表测查","每周","1","精神治疗"
"003115010020000","精神科B类量表测查","每周","1","精神治疗"
"003115010020000","精神科B类量表测查","每周","1","精神治疗"
"003115010031600","精神科C类量表测查(专家系统行为观察诊断量表)","每周","1","精神治疗"
"003115010021600","精神科B类量表测查(各种个别能力测验)","每周","1","精神治疗"
"003115010030000","精神科C类量表测查","每周","1","精神治疗"
"003115010030000","精神科C类量表测查","每周","1","精神治疗"
"003115010020000","精神科B类量表测查","每月","1","精神治疗"
"003402000120000","认知知觉功能检查","每周","1","康复治疗"
"003402000120100","计算定向思维推理检查","每周","1","康复治疗"
"003402000350000","儿童听力障碍语言训练","每周","1","康复治疗"
"003104010500000","耳石复位治疗","每周","2","一般治疗"
"002504030070000","乙型肝炎e抗体测定(AntiHBe)","每月","1","化验"
"002504030080000","乙型肝炎核心抗原测定(HBcAg)","每月","1","化验"
"002504030090000","乙型肝炎核心抗体测定(Anti-HBc)","每月","1","化验"
"002504030100000","乙型肝炎核心IgM抗体测定(Anti-HBcIgM)","每月","1","化验"
"002504030110000","乙型肝炎病毒外膜蛋白前S1抗原测定","每月","1","化验"
"002504030110000","乙型肝炎病毒外膜蛋白前S1抗原测定","每月","1","化验"
"002504030120100","乙型肝炎病毒外膜蛋白前S2抗原测定(前S2抗体测定)","每月","1","化验"
"002504030130000","丙型肝炎RNA测定","每月","1","化验"
"002504030140000","丙型肝炎抗体测定(Anti-HCV)","每月","1","化验"
"002504030140000","丙型肝炎抗体测定(Anti-HCV)","每月","1","化验"
"002504030150000","丁型肝炎抗体测定(Anti-HDV)","每月","1","化验"
"002504030160000","丁型肝炎抗原测定(HDVAg)","每月","1","化验"
"002504030170000","戊型肝炎抗体测定(Anti-HEV)","每月","1","化验"
"002504030170000","戊型肝炎抗体测定(Anti-HEV)","每月","1","化验"
"002504030180000","庚型肝炎IgG抗体测定(Anti-HGVIgG)","每月","1","化验"
"002504030270000","呼吸道合胞病毒抗原测定","每月","1","化验"
"002504030280000","副流感病毒抗体测定","每月","1","化验"
"002504030330100","流行性出血热病毒抗体测定(IgG)","每月","1","化验"
"002504030330200","流行性出血热病毒抗体测定(IgM)","每月","1","化验"
"002504030350100","病毒血清学试验(脊髓灰质炎病毒)","每月","1","化验"
"002504030350100","病毒血清学试验(脊髓灰质炎病毒)","每月","1","化验"
"002504030350200","病毒血清学试验(柯萨奇病毒)","每月","1","化验"
"002504030350300","病毒血清学试验(流行性乙型脑炎病毒)","每月","1","化验"
"002504030350300","病毒血清学试验(流行性乙型脑炎病毒)","每月","1","化验"
"002504030350400","病毒血清学试验(流行性腮腺炎病毒)","每月","1","化验"
"002504030350500","病毒血清学试验(麻疹病毒)","每月","1","化验"
"002504030350500","病毒血清学试验(麻疹病毒)","每月","1","化验"
"002504030360000","嗜异性凝集试验","每月","1","化验"
"002504030370000","冷凝集试验","每月","1","化验"
"002504030390000","外斐氏反应","每月","1","化验"
"002504030400000","斑疹伤寒抗体测定","每月","1","化验"
"002504030410000","布氏杆菌凝集试验","每月","1","化验"
"002504030420000","细菌抗体测定","每月","1","化验"
"002504030420000","细菌抗体测定","每月","1","化验"
"002504030420000","细菌抗体测定","每月","1","化验"
"003115010030600","精神科C类量表测查(成人孤独症诊断量表(ADI))","每周","1","精神治疗"
"003115010030700","精神科C类量表测查(成人韦氏记忆测验)","每周","1","精神治疗"
"003115010031100","精神科C类量表测查(科赫(Kohs)立方体组合测验)","每周","1","精神治疗"
"003115010031800","精神科C类量表测查(比奈智力测定(10岁以上))","每周","1","精神治疗"
"003115010021500","精神科B类量表测查(本顿视觉保持测定)","每周","1","精神治疗"
"003115010020000","精神科B类量表测查","每周","1","精神治疗"
"003115010020600","精神科B类量表测查(精神护理观察量表)","每周","1","精神治疗"
"003115010030001","精神科C类量表测查(使用电脑自测的量表酌情加收)","每周","1","精神治疗"
"003115010010001","精神科A类量表测查(使用电脑自测的量表酌情加收)","每周","1","精神治疗"
"003115010013700","精神科A类量表测查(催眠感受性测定)","每周","1","精神治疗"
"003115010020001","精神科B类量表测查(使用电脑自测的量表酌情加收)","每周","1","精神治疗"
"003115010013400","精神科A类量表测查(丹佛小儿智能发育筛查表)","每月","1","精神治疗"
"003115010013500","精神科A类量表测查(比奈智力测定(10岁以下))","每月","1","精神治疗"
"003115010010000","精神科A类量表测查","每月","1","精神治疗"
"003115010010000","精神科A类量表测查","每月","1","精神治疗"
"003115010010000","精神科A类量表测查","每月","1","精神治疗"
"003115010020300","精神科B类量表测查(紧张性生活事件评定量表)","每月","1","精神治疗"
"003115010020800","精神科B类量表测查(标准化现状检查)","每月","1","精神治疗"
"003115010021000","精神科B类量表测查(艾森克人格测定(少年版))","每月","1","精神治疗"
"003115010011400","精神科A类量表测查(气质量表)","每月","1","精神治疗"
"003115010011500","精神科A类量表测查(艾森贝格行为量表)","每月","1","精神治疗"
"003115010012000","精神科A类量表测查(认知方式测定)","每月","1","精神治疗"
"003115010021300","精神科B类量表测查(瑞文智力测定)","每月","1","精神治疗"
"003115010030000","精神科C类量表测查","每月","1","精神治疗"
"003115010030000","精神科C类量表测查","每月","1","精神治疗"
"003115010030000","精神科C类量表测查","每月","1","精神治疗"
"003115010030000","精神科C类量表测查","每月","1","精神治疗"
"003115010021400","精神科B类量表测查(格式塔测验)","每月","1","精神治疗"
"003115010020000","精神科B类量表测查","每月","1","精神治疗"
"003115010020000","精神科B类量表测查","每月","1","精神治疗"
"003115010030300","精神科C类量表测查(复合性国际诊断问卷(CIDI))","每月","1","精神治疗"
"003115010030800","精神科C类量表测查(临床记忆测验)","每月","1","精神治疗"
"003115010030900","精神科C类量表测查(韦氏智力测验)","每月","1","精神治疗"
"003115010031000","精神科C类量表测查(神经心理测验)","每月","1","精神治疗"
"002502030310000","血浆凝血因子活性测定","每周","1","化验"
"002502030310000","血浆凝血因子活性测定","每周","1","化验"
"002502030310000","血浆凝血因子活性测定","每周","1","化验"
"002502030310000","血浆凝血因子活性测定","每周","1","化验"
"002502030310000","血浆凝血因子活性测定","每周","1","化验"
"002502030320000","血浆因子Ⅷ抑制物定性测定","每周","1","化验"
"002502030330000","血浆因子Ⅷ抑制物定量测定","每周","1","化验"
"002502030350000","凝血酶时间测定(TT)","每周","1","化验"
"002502030360000","甲苯胺蓝纠正试验","每周","1","化验"
"002502030380000","瑞斯托霉素辅因子测定(VWF：ROOF)","每周","1","化验"
"002505030080000","β—内酰胺酶试验","每周","1","化验"
"002502030060000","毛细血管脆性试验","每周","1","化验"
"002502030070000","阿斯匹林耐量试验(ATT)","每周","1","化验"
"002505010260000","真菌涂片检查","每周","1","化验"
"002505010270000","真菌培养及鉴定","每周","1","化验"
"002505010270000","真菌培养及鉴定","每周","1","化验"
"002505010280000","念珠菌镜检","每周","1","化验"
"002505010310000","衣原体检查","每周","1","化验"
"002505010340000","支原体培养及药敏","每周","1","化验"
"002505010350000","轮状病毒检测_","每周","1","化验"
"002505010360000","其它病毒的血清学诊断","每周","1","化验"
"002505010370000","病毒培养与鉴定","每周","1","化验"
"002505020010000","常规药敏定性试验","每周","1","化验"
"002505020020000","常规药敏定量试验(MIC)","每周","1","化验"
"002505020030000","真菌药敏试验","每周","1","化验"
"002505020040000","结核菌药敏试验","每周","1","化验"
"002505020050000","厌氧菌药敏试验","每周","1","化验"
"002505020060000","血清杀菌水平测定","每周","1","化验"
"002505020070000","联合药物敏感试验","每周","1","化验"
"002505020080000","抗生素最小抑／杀菌浓度测定","每周","1","化验"
"002505020090000","体液抗生素浓度测定","每周","1","化验"
"002505020090000","体液抗生素浓度测定","每周","1","化验"
"002505020100000","肿瘤细胞化疗药物敏感试验","每周","1","化验"
"002505030020000","细菌毒素测定","每周","1","化验"
"002505030030000","病原体乳胶凝集试验快速检测","每周","1","化验"
"002505030050000","内毒素鲎定性试验","每周","1","化验"
"002505030090000","超广谱β－内酰胺酶试验","每周","1","化验"
"002505030100100","耐万古霉素基因试验(基因A)","每周","1","化验"
"002505030100200","耐万古霉素基因试验(基因B)","每周","1","化验"
"002505030110000","DNA探针技术查meeA基因","每周","1","化验"
"002506010010000","粪寄生虫镜检","每周","1","化验"
"002506010020000","粪寄生虫卵集卵镜检","每周","1","化验"
"002506010030000","粪寄生虫卵计数","每周","1","化验"
"002506010040000","寄生虫卵孵化试验","每周","1","化验"
"002506010060000","血液微丝蚴检查","每周","1","化验"
"002506010070000","血液回归热螺旋体检查","每周","1","化验"
"002506010080000","血液黑热病利一集氏体检查","每周","1","化验"
"002506020010000","各种寄生虫免疫学检查","每周","1","化验"
"002502030800000","血栓弹力图试验(TEG)","每周","1","化验"
"002502010090000","白血病残留病灶检测","每周","1","化验"
"002502020130000","酸化甘油溶血试验","每周","1","化验"
"002502020170000","葡萄糖6—磷酸脱氢酶荧光斑点试验","每周","1","化验"
"002502020210000","红细胞丙酮酸激酶测定(PK)","每周","1","化验"
"002502020260000","血红蛋白电泳","每周","1","化验"
"002502020320000","血红蛋白C试验","每周","1","化验"
"002502020340400","直接抗人球蛋白试验(Coombs')(C3)","每周","1","化验"
"002502030010000","血小板相关免疫球蛋白(PAIg)测定","每周","1","化验"
"002502030020000","血小板相关补体C3测定(PAC3)","每周","1","化验"
"002502030030200","抗血小板膜糖蛋白自身抗体测定(流式细胞仪法)","每周","1","化验"
"002502030080000","血管性假性血友病因子(VWF)抗原测定","每周","1","化验"
"002502030120000","瑞斯托霉素诱导血小板聚集测定","每周","1","化验"
"002502030170000","血浆β—血小板球蛋白测定","每周","1","化验"
"002502030310000","血浆凝血因子活性测定","每周","1","化验"
"002502030310000","血浆凝血因子活性测定","每周","1","化验"
"002502030340000","血浆因子XIII缺乏筛选试验","每周","1","化验"
"002502030400000","血浆鱼精蛋白副凝试验(3P)","每周","1","化验"
"002502030450000","血浆α2纤溶酶抑制物活性测定(α2—PIA)","每周","1","化验"
"002502030500000","血浆肝素含量测定","每周","1","化验"
"002502030530000","活化蛋白C抵抗试验(APCR)","每周","1","化验"
"002502030570000","血浆组织纤溶酶原活化物抗原检测(t-PAAg)","每周","1","化验"
"002502030620000","血浆凝血酶原片段1+2检测(F1+2)_","每周","1","化验"
"002502030670000","α2-巨球蛋白测定","每周","1","化验"
"002502030710300","全血粘度测定(低切)","每周","1","化验"
"002502030750000","肝素辅因子II活性测定","每周","1","化验"
"002505030060000","内毒素鲎定量测定","每周","1","化验"
"002506010030000","粪寄生虫卵计数","每周","1","化验"
"332502019010000","白血病细胞常规化学染色","每周","1","化验"
"332502039010000","凝血功能常规检查","每周","1","化验"
"002502010040000","造血干细胞计数","每周","1","化验"
"002502010050000","骨髓造血祖细胞培养","每周","1","化验"
"002502030370000","复钙交叉时间测定","每周","1","化验"
"002505010090000","一般细菌培养及鉴定","每周","1","化验"
"002505010290000","念珠菌培养","每周","1","化验"
"002505030040000","细菌分型","每周","1","化验"
"002505030070000","O—129试验","每周","1","化验"
"002505030100300","耐万古霉素基因试验(基因C)","每周","1","化验"
"002506010050000","血液虐原虫检查","每周","1","化验"
"002506010090000","血液弓形虫检查","每周","1","化验"
"002505010110000","血培养及鉴定","每周","1","化验"
"002505010110000","血培养及鉴定","每周","1","化验"
"002505010030000","浓缩集菌抗酸菌检测","每周","1","化验"
"002505010070000","艰难梭菌检查","每周","1","化验"
"002305000080000","肾图","每周","1","检查"
"002204000010000","颅内多普勒血流图(TCD)","每周","1","检查"
"002204000020000","四肢多普勒血流图","每周","1","检查"
"002206000020000","普通二维超声心动图","每周","1","检查"
"002206000050000","常规经食管超声心动图","每周","1","检查"
"002206000090000","负荷超声心动图","每周","1","检查"
"002305000090000","介入肾图","每周","1","检查"
"002305000100000","肾图＋肾小球滤过率测定","每周","1","检查"
"002305000110000","肾图＋肾有效血浆流量测定","每周","1","检查"
"002203020100000","脏器声学造影","每周","1","检查"
"002205000020000","能量图血流立体成象","每周","1","检查"
"002504040180000","触珠蛋白测定","每月","1","化验"
"002504040190000","酸性糖蛋白测定","每月","1","化验"
"002504050050000","专项变应原(单价变应原)筛查","每月","1","化验"
"002504010290000","淋巴细胞免疫分析","每月","1","化验"
"002504020020000","抗核抗体测定(ANA)","每月","1","化验"
"002504020030000","抗核提取物抗体测定(抗ENA抗体)","每月","1","化验"
"002504020030000","抗核提取物抗体测定(抗ENA抗体)","每月","1","化验"
"002504020120200","抗血液细胞抗体测定(淋巴细胞抗体)","每月","1","化验"
"002504020130000","抗肝细胞特异性脂蛋白抗体测定","每月","1","化验"
"002504020140400","抗组织细胞抗体测定(肾上腺细胞抗体)","每月","1","化验"
"002504020160100","抗心磷脂抗体测定(ACA)(IgA)","每月","1","化验"
"002503100530000","甲状腺球蛋白(TG)测定","每月","1","化验"
"002502030680000","人类白细胞抗原B27测定(HLA-B27)","每周","1","化验"
"002502030700000","红细胞流变特性检测","每周","1","化验"
"002502030710100","全血粘度测定(高切)","每周","1","化验"
"002502030710200","全血粘度测定(中切)","每周","1","化验"
"002502030720000","血浆粘度测定","每周","1","化验"
"002502030730000","血小板ATP释放试验","每周","1","化验"
"002502030390000","优球蛋白溶解时间测定(ELT)","每周","1","化验"
"002502030410000","连续血浆鱼精蛋白稀释试验","每周","1","化验"
"002502030430000","血浆纤溶酶原活性测定(PLGA)","每周","1","化验"
"002502030440000","血浆纤溶酶原抗原测定(PLGAg)","每周","1","化验"
"002502030460000","血浆α2纤溶酶抑制物抗原测定(α2—PIAg)","每周","1","化验"
"002502030470000","血浆抗凝血酶Ⅲ活性测定(AT—ⅢA)","每周","1","化验"
"002502030480000","血浆抗凝血酶Ⅲ抗原测定(AT—ⅢAg)","每周","1","化验"
"002502030490000","凝血酶抗凝血酶Ⅲ复合物测定(TAT)","每周","1","化验"
"002502010010000","骨髓涂片细胞学检验","每周","1","化验"
"002502010020000","骨髓有核细胞计数","每周","1","化验"
"002502010030000","骨髓巨核细胞计数","每周","1","化验"
"002502010050000","骨髓造血祖细胞培养","每周","1","化验"
"002502010050100","骨髓造血祖细胞培养(粒－单系)","每周","1","化验"
"002502010050200","骨髓造血祖细胞培养(红细胞系)","每周","1","化验"
"002502010060000","白血病免疫分型","每周","1","化验"
"002502010070000","骨髓特殊染色及酶组织化学染色检查","每周","1","化验"
"002502010080000","白血病抗原检测","每周","1","化验"
"002502020330000","血红蛋白S溶解度试验","每周","1","化验"
"002502020010000","红细胞包涵体检查","每周","1","化验"
"002502020020000","血浆游离血红蛋白测定","每周","1","化验"
"002502020030000","血清结合珠蛋白测定(HP)","每周","1","化验"
"002502020040000","高铁血红素白蛋白过筛试验","每周","1","化验"
"002502020050000","红细胞自身溶血过筛试验","每周","1","化验"
"002502020060000","红细胞自身溶血及纠正试验","每周","1","化验"
"002502020070000","红细胞渗透脆性试验","每周","1","化验"
"002502020080000","红细胞孵育渗透脆性试验","每周","1","化验"
"002502020090000","热溶血试验","每周","1","化验"
"002502020100000","冷溶血试验","每周","1","化验"
"002502020110000","蔗糖溶血试验","每周","1","化验"
"002502020120000","血清酸化溶血试验(Ham)","每周","1","化验"
"002502020140000","微量补体溶血敏感试验","每周","1","化验"
"002502020150000","蛇毒因子溶血试验","每周","1","化验"
"002502020160000","高铁血红蛋白还原试验(MHB—RT)","每周","1","化验"
"002502020180000","葡萄糖6－磷酸脱氢酶活性检测","每周","1","化验"
"002502020190000","变性珠蛋白小体检测(Heinz小体)","每周","1","化验"
"003101000230000","肌电图","每周","1","一般诊疗"
"003106020020000","肺阻抗血流图","每周","1","一般诊疗"
"002302000530000","局部骨显象","每月","1","检查"
"002207000040000","组织多普勒显象(TDI)","每月","1","检查"
"002301000010000","脏器动态扫描","每月","1","检查"
"002301000010000","脏器动态扫描","每月","1","检查"
"002301000010000","脏器动态扫描","每月","1","检查"
"002301000010000","脏器动态扫描","每月","1","检查"
"002302000010000","脑血管显象","每月","1","检查"
"002302000020000","脑显象","每月","1","检查"
"002302000020000","脑显象","每月","1","检查"
"002302000020000","脑显象","每月","1","检查"
"002302000030000","脑池显象","每月","1","检查"
"002302000040000","脑室引流显象","每月","1","检查"
"002302000050000","泪管显象","每月","1","检查"
"002302000070000","甲状腺血流显象","每月","1","检查"
"002302000090000","甲状腺激素抑制显象","每月","1","检查"
"002302000100000","促甲状腺激素兴奋显象","每月","1","检查"
"002302000100000","促甲状腺激素兴奋显象","每月","1","检查"
"002302000120000","静息心肌灌注显象","每月","1","检查"
"003112010250000","胎儿心电图","每周","1","一般诊疗"
"003103000600000","眼血流图","每周","1","一般诊疗"
"003115010021200","精神科B类量表测查(图片词汇测验)","每周","1","一般诊疗"
"003111000040000","阴茎超声血流图检查","每周","1","一般诊疗"
"003103000310000","青光眼视网膜神经纤维层计算机图象分析","每周","1","一般诊疗"
"003103000600000","眼血流图","每周","1","一般诊疗"
"003107010040000","频谱心电图","每周","1","一般诊疗"
"003107010140000","心阻抗图","每周","1","一般诊疗"
"003107010140001","心阻抗图(心导纳图酌情加收)","每周","1","一般诊疗"
"003105150070500","腭裂术后语音训练治疗(腭电图仪反馈治疗)","每周","1","一般诊疗"
"003103000660000","视网膜地形图","每周","1","一般诊疗"
"003104030010000","喉声图","每周","1","一般诊疗"
"003104030030000","喉电图测试","每周","1","一般诊疗"
"003105040030000","面神经肌电图检查","每周","1","一般诊疗"
"003107010050000","标测心电图","每周","1","一般诊疗"
"003107010060000","体表窦房结心电图","每周","1","一般诊疗"
"003104010210000","眼震电图","每周","1","一般诊疗"
"003104010210200","眼震电图(自发眼震)","每周","1","一般诊疗"
"003101000260000","多轨迹断层肌电图","每周","1","一般诊疗"
"003101000010001","脑电图(脑电发生源定位)","每周","1","一般诊疗"
"003101000060000","脑磁图","每周","1","一般诊疗"
"003108000260000","骨髓细胞彩色图象分析","每周","1","一般诊疗"
"004800000020000","脉图诊断","每周","1","一般诊疗"
"003103000020100","特殊视力检查(儿童图形视力表)","每周","1","一般诊疗"
"003103000200100","色觉检查(普通图谱法)","每周","1","一般诊疗"
"003103000650100","视网膜电流图(ERG)(图形视网膜电图(P-ERG))","每周","1","一般诊疗"
"003103000650200","视网膜电流图(ERG)(多焦视网膜电图(m-ERG))","每周","1","一般诊疗"
"003104010100100","声导抗测听(鼓室图)","每周","1","一般诊疗"
"003104010210100","眼震电图(温度试验)","每周","1","一般诊疗"
"002302000580000","亲肿瘤局部显象","每月","1","检查"
"002302000580000","亲肿瘤局部显象","每月","1","检查"
"002303000020000","全身显像","每月","1","检查"
"002303000030000","18氟－脱氧葡萄糖断层显象","每月","1","检查"
"002303000040000","肾上腺髓质断层显象","每月","1","检查"
"002302000060000","甲状腺静态显象","每月","1","检查"
"002302000110000","甲状旁腺显象","每月","1","检查"
"002302000180000","平衡法负荷门控心室显象","每月","1","检查"
"002302000180000","平衡法负荷门控心室显象","每月","1","检查"
"002302000230000","下肢深静脉显象","每月","1","检查"
"002302000240000","局部淋巴显象","每月","1","检查"
"002302000240000","局部淋巴显象","每月","1","检查"
"002302000240000","局部淋巴显象","每月","1","检查"
"002302000250000","肺灌注显象","每月","1","检查"
"002302000250000","肺灌注显象","每月","1","检查"
"002302000250000","肺灌注显象","每月","1","检查"
"002302000260000","肺通气显象","每月","1","检查"
"002302000260000","肺通气显象","每月","1","检查"
"002302000260000","肺通气显象","每月","1","检查"
"002302000270000","唾液腺静态显象","每月","1","检查"
"002302000280000","唾液腺动态显象","每月","1","检查"
"002302000330000","异位胃粘膜显象","每月","1","检查"
"002302000340000","消化道出血显象","每月","1","检查"
"002302000370000","肝血池显象","每月","1","检查"
"002302000370000","肝血池显象","每月","1","检查"
"002302000460000","肾动态显象＋肾小球滤过率(GFR)测定","每月","1","检查"
"002302000470000","肾动态显象＋肾有效血浆流量(ERPF)测定","每月","1","检查"
"002302000520000","阴囊显象","每月","1","检查"
"002302000540000","骨三相显象","每月","1","检查"
"002302000540000","骨三相显象","每月","1","检查"
"002302000440000","地塞米松抑制试验肾上腺皮质显象","每月","1","检查"
"002304000070000","肿瘤全身断层显象","每月","1","检查"
"002302000100000","促甲状腺激素兴奋显象","每月","1","检查"
"002302000420000","肠道蛋白丢失显象","每月","1","检查"
"002302000570000","炎症局部显象","每月","1","检查"
"002302000590000","放射免疫显象","每月","1","检查"
"002302000600000","放射受体显象","每月","1","检查"
"002303000050000","负荷心肌灌注断层显象","每月","1","检查"
"002304000010000","脑血流断层显象","每月","1","检查"
"002304000020000","脑代谢断层显象","每月","1","检查"
"002304000030000","静息心肌灌注断层显象","每月","1","检查"
"002304000040000","负荷心肌灌注断层显象","每月","1","检查"
"002304000050000","心肌代谢断层显象","每月","1","检查"
"002304000060000","心脏神经受体断层显象","每月","1","检查"
"002304000070000","肿瘤全身断层显象","每月","1","检查"
"002304000080000","肿瘤局部断层显象","每月","1","检查"
"002302000120000","静息心肌灌注显象","每月","1","检查"
"002302000120000","静息心肌灌注显象","每月","1","检查"
"002302000130000","负荷心肌灌注显象","每月","1","检查"
"002302000130000","负荷心肌灌注显象","每月","1","检查"
"002302000130000","负荷心肌灌注显象","每月","1","检查"
"002302000140000","静息门控心肌灌注显象","每月","1","检查"
"002302000140000","静息门控心肌灌注显象","每月","1","检查"
"002302000450000","肾动态显象","每月","1","检查"
"002302000450000","肾动态显象","每月","1","检查"
"002304000090000","神经受体显象","每月","1","检查"
"002302000370000","肝血池显象","每月","1","检查"
"002302000140000","静息门控心肌灌注显象","每月","1","检查"
"002302000150000","负荷门控心肌灌注显象","每月","1","检查"
"002302000150000","负荷门控心肌灌注显象","每月","1","检查"
"002302000150000","负荷门控心肌灌注显象","每月","1","检查"
"002302000160000","首次通过法心血管显象","每月","1","检查"
"002302000160000","首次通过法心血管显象","每月","1","检查"
"002302000170000","平衡法门控心室显象","每月","1","检查"
"002302000170000","平衡法门控心室显象","每月","1","检查"
"002302000170000","平衡法门控心室显象","每月","1","检查"
"002302000190000","急性心肌梗塞灶显象","每月","1","检查"
"002302000190000","急性心肌梗塞灶显象","每月","1","检查"
"002302000190000","急性心肌梗塞灶显象","每月","1","检查"
"002302000200000","动脉显象","每月","1","检查"
"002302000210000","门脉血流测定显象","每月","1","检查"
"002302000220000","门体分流显象","每月","1","检查"
"002302000290000","食管通过显象","每月","1","检查"
"002302000300000","胃食管返流显象","每月","1","检查"
"002302000310000","十二指肠胃返流显象","每月","1","检查"
"002302000350000","肝胶体显象","每月","1","检查"
"002302000350000","肝胶体显象","每月","1","检查"
"002302000350000","肝胶体显象","每月","1","检查"
"002302000360000","肝血流显象","每月","1","检查"
"002302000370000","肝血池显象","每月","1","检查"
"002302000380000","肝胆动态显象","每月","1","检查"
"002302000390000","脾显象","每月","1","检查"
"002302000400000","胰腺显象","每月","1","检查"
"002302000410000","小肠功能显象","每月","1","检查"
"002302000430000","肾上腺皮质显象","每月","1","检查"
"002302000480000","介入肾动态显象","每月","1","检查"
"002302000490000","肾静态显象","每月","1","检查"
"002302000490000","肾静态显象","每月","1","检查"
"002302000490000","肾静态显象","每月","1","检查"
"002302000500000","膀胱输尿管返流显象","每月","1","检查"
"002302000510000","阴道尿道瘘显象","每月","1","检查"
"002302000530000","局部骨显象","每月","1","检查"
"002302000530000","局部骨显象","每月","1","检查"
"002302000060000","甲状腺静态显象","每月","1","检查"
"002302000580000","亲肿瘤局部显象","每月","1","检查"
"002303000010100","脏器断层显像(脏器显像)","每月","1","检查"
"002303000010200","脏器断层显像(脏器血流显像)","每月","1","检查"
"002303000010300","脏器断层显像(脏器血池显像)","每月","1","检查"
"002303000010400","脏器断层显像(静息灌注显像)","每月","1","检查"
"002303000020001","全身显像(增加局部显像)","每月","1","检查"
"002303000030100","18氟－脱氧葡萄糖断层显象(脑显像)","每月","1","检查"
"002303000030200","18氟－脱氧葡萄糖断层显象(心肌代谢显像)","每月","1","检查"
"002303000030300","18氟－脱氧葡萄糖断层显象(肿瘤显像)","每月","1","检查"
"002302000060000","甲状腺静态显象","每月","1","检查"
"002302000180000","平衡法负荷门控心室显象","每月","1","检查"
"002303000010000","脏器断层显像","每月","1","检查"
"002304000100000","正电子发射计算机断层－X线计算机体层综合显像(PET/CT)","每月","1","检查"
"002302000450002","肾动态显像(不做血流显像)减收修改为肾动态显像(不做血流显像减收)","每月","1","检查"
"003107010030000","动态心电图","每月","1","一般诊疗"
"003101000040000","动态脑电图","每月","1","一般诊疗"
"003101000040000","动态脑电图","每月","1","一般诊疗"
"003109020020000","24小时动态胃酸监测","每月","1","一般诊疗"
"003107010210000","动态血压监测","每月","1","一般诊疗"
